numAtoms,name,smiles
11.0,130617.0,C#Cc1noncc1=O
11.0,33388.0,C#CC(C#C)(C#N)C#N
11.0,132083.0,O=c1ocnc(O)c1F
11.0,130682.0,O=c1[nH]c2oncc2o1
10.0,133442.0,[NH]C1=N[C](F)C(F)=NO1
11.0,23761.0,Oc1nccnc1F
9.0,115.0,C#CC#CC
11.0,130918.0,O=Cc1noncc1=O
11.0,1370.0,C#CC(=N)NC=O
11.0,446.0,[NH][C]1COCO1
11.0,24962.0,O=c1[nH]c2ocnc2o1
11.0,132140.0,[NH]C1=C[N]C(F)=C(F)O1
10.0,132243.0,[NH][C]1OC(=O)N=C(F)O1
11.0,133359.0,Nc1nc(=O)onc1F
11.0,132334.0,[NH]C1=CC(F)N=C(F)O1
10.0,35.0,CCC=O
10.0,130830.0,O=CC(=O)c1nnon1
8.0,3924.0,O=Cc1nnon1
10.0,21677.0,N#Cc1nc(N)no1
10.0,23628.0,[NH]C1N=COC(F)=N1
11.0,760.0,Nc1cn[nH]c1
11.0,20610.0,Cc1onnc1C#N
10.0,21433.0,C#CC1=NOC([NH])O1
11.0,3799.0,COc1cnno1
11.0,131049.0,O=CNc1noc(=O)o1
10.0,132478.0,O=c1oc(F)cnc1F
11.0,2619.0,C#CCC#CC=O
10.0,33389.0,C#CC(C#N)(C#N)C#N
11.0,23673.0,Oc1cc(F)ncn1
7.0,790.0,Oc1nnon1
11.0,23841.0,[NH]C1=NCC(F)=NN1
10.0,148.0,O=CN1CC1
10.0,758.0,Nc1cnn[nH]1
10.0,132329.0,O=C=NC(F)=CC(=O)F
11.0,8624.0,N#CC(O)(C=O)C=O
11.0,133432.0,O=c1[nH]nc(O)nc1F
9.0,21987.0,O=[N+]([O-])c1cnon1
10.0,67.0,CC(O)C#N
11.0,130.0,CCOC=O
11.0,348.0,C#CC(=O)NC
10.0,1365.0,C#CCC(=O)C#N
10.0,2962.0,N#CC(=O)C1CO1
10.0,130794.0,N#N.O=C=NC1OC1=O
10.0,4957.0,O=c1occoc1=O
10.0,21356.0,c1[nH]nc2nnoc12
7.0,485.0,C#CC#CC#N
5.0,27.0,N#CC=O
11.0,5675.0,c1cc2ncoc2o1
10.0,762.0,Nc1cnoc1
11.0,155.0,OCC1CO1
11.0,21415.0,N#CC1=NNC([NH])N1
11.0,133438.0,[NH]C1=C(F)[CH]C(F)=NO1
9.0,21789.0,O=Cc1noc(=O)o1
11.0,131435.0,O=COc1nc(O)no1
11.0,129155.0,[NH]C1=N[N]ON=C1C=O
8.0,53.0,c1cocn1
7.0,17.0,C1CO1
10.0,249.0,[NH][CH]OC(N)=O
11.0,130915.0,C#Cc1nonc1C=O
11.0,23833.0,[NH]C1NN=CN=C1F
11.0,132838.0,N#Cc1cncnc1F
11.0,880.0,Oc1cnc(O)[nH]1
11.0,132232.0,[NH]C1=C[C](F)OC(=O)O1
11.0,20485.0,C1Oc2n[nH]nc2O1
11.0,209.0,Oc1cc[nH]c1
10.0,23644.0,O=c1nc(F)cco1
10.0,128876.0,N#Cc1cnoc1C#N
10.0,23817.0,O=c1cnocc1F
9.0,52.0,c1ccoc1
9.0,23877.0,O=CC(=O)C(F)(F)F
10.0,130573.0,N#CC(=O)c1cnon1
11.0,21823.0,O=CNc1cnno1
11.0,123322.0,C#Cc1nocc1C#N
10.0,21880.0,O=c1oncnc1O
11.0,130909.0,O=Cc1ncc(=O)on1
11.0,130557.0,C#CC(=O)n1cnnn1
10.0,4633.0,C#Cc1coc(=O)o1
10.0,21755.0,c1noc2cnoc12
11.0,130902.0,N#Cc1n[nH]nc1C=O
11.0,3961.0,OCc1ncon1
11.0,2492.0,C#CC(C#C)C#C
11.0,3690.0,Cc1ncnnn1
11.0,23947.0,N#CC#Cc1cocn1
9.0,21778.0,C#Cc1noc(=O)o1
11.0,123319.0,C#Cc1n[nH]nc1C#N
11.0,21499.0,NC(=O)c1conn1
11.0,3873.0,Nc1nc(O)n[nH]1
11.0,831.0,CCC(F)(F)F
11.0,133615.0,N#CC#CCC(F)(F)F
11.0,738.0,Cc1cn[nH]n1
11.0,4331.0,[NH]C1=NC(O)N=CO1
10.0,1377.0,C#CC(=O)NC=O
11.0,953.0,Oc1cncnc1
11.0,8997.0,N#CC(=O)COC=O
11.0,21940.0,O=c1onc(CO)o1
7.0,175.0,c1cnon1
11.0,21785.0,O=Cc1nccnn1
11.0,403.0,CC1(C#N)CO1
11.0,3752.0,Cn1cnoc1=O
11.0,1381.0,N=CNC(=O)C=O
11.0,21469.0,[NH][CH]Oc1ncno1
10.0,21971.0,O=[N+]([O-])c1ncco1
10.0,21695.0,N#Cc1nonc1N
11.0,132942.0,[NH]C1=C(F)[CH]OC(=O)O1
11.0,25221.0,O=c1ncncoc1=O
11.0,21742.0,c1cn2cnnc2o1
11.0,9161.0,N#CC#CC(=O)CO
11.0,23796.0,[NH]C1=C[C](F)C=NO1
10.0,23809.0,Fc1cnncc1F
11.0,48217.0,N#CC(C#N)(C=O)C=O
11.0,13.0,CCC
8.0,324.0,C#CC(=O)C=O
10.0,132337.0,O=c1cc(F)nc(F)o1
10.0,130729.0,N#Cc1nn[nH]c(=O)n1
9.0,3917.0,O=Cc1conn1
9.0,21977.0,O=[N+]([O-])c1cnno1
8.0,169.0,c1cn[nH]n1
11.0,2497.0,C#CC(C=O)C=O
11.0,130531.0,
11.0,133413.0,O=c1cc(F)c(F)n[nH]1
9.0,8975.0,N#CC(=O)C#CC=O
11.0,383.0,N#CC(O)CO
11.0,9159.0,COC(=O)C#CC#N
11.0,16269.0,N#CC12CC1OC2=O
11.0,4210.0,Fc1cccnc1
11.0,2958.0,C#CC(=O)C1CO1
11.0,128961.0,N#CCOc1nnon1
11.0,132933.0,O=c1cc(F)c(F)co1
10.0,25154.0,N#Cc1ncoc(=O)n1
11.0,444.0,O=C1C=CCN1
11.0,129177.0,[N][N][C]1N[C]([NH])OC1=O
10.0,132934.0,O=c1nc(F)c(F)co1
11.0,130251.0,Nc1noc(=O)c(=O)o1
10.0,21976.0,O=[N+]([O-])c1ccno1
8.0,166.0,c1c[nH]nn1
8.0,3932.0,O=Cn1nnnn1
11.0,71.0,CC(=O)CO
11.0,132470.0,O=c1oc(F)ccc1F
10.0,23781.0,O=c1ncocc1F
11.0,133357.0,Nc1nc(=O)c(F)no1
9.0,3836.0,[NH]C1=N[N]ON=C1
11.0,4242.0,[NH][C]1NC(=O)N=CO1
10.0,127.0,N#CCCO
10.0,3912.0,O=Cc1ccno1
10.0,21784.0,O=Cc1cnnnn1
8.0,14564.0,N#CC#CC#CC#N
11.0,5181.0,O=COc1cnco1
10.0,130919.0,N#N.[O][C]C(C=O)=N[O]
11.0,21571.0,NC1=N[N]OC(=O)[CH]1
11.0,3941.0,[NH]C1NN=C(O)N1
10.0,130789.0,N#CC1=N[N]OC(=O)[CH]1
11.0,2608.0,C#CC#CCC#C
11.0,3954.0,OCc1conn1
11.0,1032.0,O=Cc1c[nH]cn1
9.0,350.0,COC(=O)C#N
10.0,1010.0,C#Cc1ncco1
10.0,21970.0,O=[N+]([O-])c1cnco1
11.0,145.0,O=CC1CC1
11.0,557.0,N#CC1COC1
11.0,131997.0,O=[N+]([O-])c1nccnn1
11.0,14603.0,N#CC#CCOC=O
10.0,21352.0,c1[nH]nc2onnc12
10.0,125.0,COCC#N
11.0,2811.0,C#CC1NC1C#N
11.0,897.0,[NH]C1NC(O)=CO1
11.0,130592.0,[N][N]C1=C[CH]C(=O)C1=O
11.0,21426.0,
11.0,3796.0,CNc1nnon1
11.0,132819.0,Fc1ccnc(F)c1F
11.0,3810.0,COc1ncon1
11.0,48233.0,N#CC(=O)N(C=O)C=O
10.0,21701.0,Nc1nonnc1=O
9.0,51.0,c1c[nH]cn1
11.0,133400.0,[NH]C1=C(F)[C](F)C=NO1
10.0,3706.0,Cc1noc(=O)o1
10.0,131419.0,O=c1onc(O)oc1=O
11.0,132690.0,Oc1nc(F)cnc1F
11.0,65.0,CC(N)C#N
11.0,21679.0,Nc1ncc(=O)on1
11.0,21827.0,O=CNc1conn1
11.0,21409.0,[NH]C1NC(C=O)=NO1
11.0,24826.0,N#Cc1cocnc1=O
11.0,25359.0,N#Cc1coc(C=O)n1
11.0,20306.0,C#Cc1cncnn1
11.0,21296.0,COc1noc(=O)o1
10.0,2560.0,C#CC1(C#N)CO1
11.0,5366.0,O=Cc1ncncn1
11.0,21743.0,c1nc2occn2n1
11.0,4246.0,[NH]C1=N[CH]OC(=O)N1
10.0,739.0,Cc1nn[nH]n1
11.0,23815.0,
11.0,20696.0,Cc1nnoc(=O)n1
11.0,3456.0,O=C1C2C=CC1O2
10.0,130796.0,N#C[C]1C=N[N]OC1=O
10.0,2562.0,N#CC1(C#N)CN1
10.0,3921.0,O=Cc1ccon1
11.0,131.0,COCC=O
10.0,3847.0,[NH]C1=N[CH]C=NO1
9.0,21326.0,N#Cc1ncnnn1
9.0,21429.0,[NH]C1=N[N]OC(=O)O1
11.0,21406.0,
11.0,21759.0,c1cn2cnoc2n1
11.0,4703.0,N#Cc1cnc(O)[nH]1
10.0,23674.0,Fc1cc(F)ncn1
10.0,748.0,Cn1cnnn1
11.0,23873.0,C#CC(O)C(F)(F)F
10.0,24969.0,O=c1oc2ncoc2o1
11.0,130571.0,N#CC(=O)c1ccon1
10.0,23699.0,[NH]C1=NCN=C(F)O1
11.0,23884.0,COC(=O)C(F)(F)F
10.0,130790.0,C#Cc1nnoc(=O)n1
11.0,50796.0,N#CC#CC(=O)NC=O
11.0,131316.0,Oc1nc2oncn2n1
11.0,2559.0,C#CC1(C#C)CO1
9.0,3923.0,O=Cc1cnon1
11.0,1598.0,N#CC(O)C(N)=O
11.0,23823.0,
9.0,3897.0,O=c1cnonc1
11.0,21373.0,c1nc2conc2[nH]1
11.0,437.0,[NH][C]1CN=CN1
9.0,338.0,N#CC(O)C=O
11.0,25152.0,N#Cc1cc(=O)ocn1
10.0,48.0,C1COC1
11.0,131185.0,O=COc1onnc1O
9.0,3896.0,O=c1cnocn1
11.0,129268.0,N#CC1=NOC([NH])=C[N]1
9.0,92.0,O=C1CCO1
10.0,4640.0,O=Cc1coc(=O)o1
11.0,21430.0,[NH]C1OC=NN1C=O
9.0,774.0,O=c1[nH]cn[nH]1
9.0,8961.0,C#CC#CC(=O)C#N
7.0,778.0,O=c1ocno1
10.0,23629.0,O=c1ccoc(F)n1
4.0,4.0,C#C
11.0,215.0,c1ccncc1
10.0,3633.0,C#Cc1ccno1
11.0,130570.0,N#CC(=O)c1cn[nH]n1
9.0,36.0,CNC=O
10.0,8718.0,C#CC(=O)C(=O)C#C
11.0,130779.0,N#Cc1ccnoc1=O
8.0,8962.0,N#CC#CC(=O)C#N
11.0,3892.0,NCc1nnon1
9.0,23894.0,C#CC#CC(F)(F)F
11.0,247.0,N=CNC(N)=O
11.0,198.0,Oc1ccc[nH]1
9.0,785.0,Oc1nc[nH]n1
11.0,855.0,Nc1coc(O)n1
11.0,20327.0,C#CCc1nnon1
11.0,21869.0,[NH]C1N=NNC(O)=N1
11.0,21914.0,O=Cc1conc1O
11.0,734.0,Cc1ncn[nH]1
10.0,5663.0,c1nc2ocnc2o1
8.0,775.0,O=c1[nH]cno1
11.0,21493.0,N=C(N)n1nnnn1
10.0,928.0,O=c1ccnco1
9.0,23896.0,O=CC#CC(F)(F)F
11.0,23727.0,O=c1cnc(F)c[nH]1
10.0,8977.0,C#CC#CC(=O)C=O
11.0,4695.0,N#Cc1ncc(N)o1
10.0,130740.0,O=c1oc2cnoc2o1
9.0,188.0,O=c1[nH]cco1
11.0,131418.0,[NH][C]1OC(O)=NOC1=O
11.0,20775.0,Cc1nonc1C#N
11.0,131988.0,Nc1noc([N+](=O)[O-])n1
11.0,439.0,O=C1CC=CN1
11.0,243.0,CC(=O)NC=O
11.0,1584.0,C#CC(=O)C(=N)N
10.0,23678.0,Fc1cncc(F)n1
11.0,132237.0,[NH][C]1OC(=O)C=C(F)O1
11.0,720.0,C12C3C1N1C2C31
11.0,1937.0,N#CC1C[C]([NH])O1
11.0,21388.0,c1n[nH]c2[nH]nnc12
11.0,99.0,OC1COC1
11.0,4660.0,N#Cc1c[nH]c(O)n1
10.0,133474.0,FC(F)(F)c1ncno1
11.0,23719.0,Oc1cnc(F)cn1
11.0,130610.0,N#Cc1cc(=O)cno1
11.0,3956.0,OCc1ncno1
11.0,23996.0,C#Cc1ncc(C#N)o1
11.0,130777.0,O=c1cnoc(=O)cn1
11.0,132418.0,O=Cc1ncnc(F)n1
10.0,27034.0,N#Cc1oc(=O)oc1O
11.0,133460.0,FC(F)(F)c1cnco1
10.0,23733.0,O=c1cnc(F)co1
11.0,130559.0,C#CC(=O)n1ncnn1
10.0,21747.0,c1nc2cnoc2o1
10.0,21872.0,[NH]C1=NC(O)=N[N]O1
11.0,23903.0,OCC#CC(F)(F)F
10.0,21786.0,O=Cc1ncnnn1
9.0,23857.0,O=c1cnonc1F
9.0,23827.0,O=c1cnoc(F)n1
10.0,48191.0,N#CC(C#N)(C#N)C=O
10.0,516.0,O=CC#CCO
10.0,21393.0,c1n[nH]c2nnnn12
10.0,21848.0,O=COc1cnon1
11.0,132177.0,O=c1cc(F)occ1F
10.0,129146.0,N#CC(=O)[N][C][NH].N#N
11.0,21392.0,c1nc2[nH]ncn2n1
11.0,130578.0,N#CC(=O)n1cnnc1
10.0,238.0,N#CCC(N)=O
9.0,2610.0,N#CC#CCC#N
11.0,2820.0,N#CC1NC1C=O
8.0,3899.0,N#N.O=C=NC=O
10.0,132142.0,O=c1cnc(F)c(F)o1
11.0,23842.0,O=c1ccc(F)n[nH]1
10.0,131994.0,O=[N+]([O-])c1cnnnn1
11.0,129317.0,
11.0,132259.0,N#Cc1cncc(F)n1
10.0,3812.0,COc1nnon1
11.0,130787.0,O=c1cncnoc1=O
10.0,337.0,C#CC(O)C=O
10.0,133445.0,[NH][C]1ON=C(F)C(=O)O1
11.0,130495.0,c1ncc2nonc2n1
10.0,3774.0,Cn1nnoc1=O
11.0,130823.0,O=CC(=O)c1conn1
11.0,5649.0,c1nc2cocc2o1
10.0,132224.0,O=c1cc(F)oc(F)n1
10.0,4427.0,
11.0,21093.0,Cn1nnc(C#N)n1
9.0,8722.0,N#CC(=O)C(=O)C=O
11.0,42170.0,C#CC(C#N)C(=O)C#N
10.0,3944.0,Oc1n[nH]nc1O
9.0,4218.0,Fc1cncnn1
11.0,130861.0,N#N.[O][C][CH]C(=O)C=O
11.0,132723.0,N#Cc1cnc(F)nc1
11.0,50794.0,N#CC#CC(=O)O[CH][NH]
11.0,23962.0,N#Cc1nc[nH]c1C#N
11.0,5446.0,N#Cc1ncoc1N
10.0,3835.0,[NH][C]1C=NON=C1
11.0,1378.0,N=C(C=O)NC=O
11.0,21882.0,O=Cn1cnc(O)n1
8.0,3898.0,O=c1cnonn1
11.0,4293.0,[NH]C1N=COC(O)=N1
11.0,129511.0,NC(=O)n1nnoc1=O
11.0,129017.0,c1nc2nn[nH]nc-2n1
10.0,1013.0,N#Cc1cnc[nH]1
9.0,751.0,Cn1nnnn1
11.0,985.0,Oc1nc[nH]c1O
10.0,3845.0,
11.0,24745.0,N#CC(=O)c1cnco1
11.0,128860.0,N#CC#Cc1ccno1
10.0,80.0,NCC(=O)O
7.0,172.0,c1ncon1
9.0,19.0,CC(N)=O
11.0,21680.0,Nc1cnc(=O)on1
11.0,133338.0,N#N.N[C]([C][O])C(=O)F
11.0,3026.0,C#CC#CC1CO1
10.0,14582.0,C#CC#CC#CC=O
9.0,23822.0,N#N.[NH][C][N]C(=O)F
10.0,21985.0,O=[N+]([O-])c1ccon1
11.0,53784.0,N#CC(=O)C(=O)C(N)=O
11.0,1007.0,C#Cc1cnc[nH]1
11.0,21334.0,N#CCc1conn1
11.0,1587.0,CC(=O)C(=O)C=O
9.0,23630.0,O=c1ncoc(F)n1
9.0,4219.0,Fc1cnncn1
9.0,3814.0,N#Cc1ccno1
10.0,3887.0,Nc1noc(=O)[nH]1
11.0,133332.0,N[C]1C(=O)O[N]N=C1F
10.0,908.0,[NH]C1N=COC=N1
11.0,131977.0,Nc1nnoc1[N+](=O)[O-]
11.0,132136.0,O=C=NC=C(F)C(=O)O
10.0,21735.0,c1nc2nocc2o1
10.0,3642.0,C#Cc1nc[nH]n1
11.0,130750.0,O=C1OCc2nnoc21
9.0,21766.0,c1nnc2onnn12
10.0,132343.0,
11.0,21369.0,c1nc2[nH]nnc2[nH]1
11.0,923.0,O=c1ccnc[nH]1
8.0,492.0,O=CC#CC=O
11.0,131992.0,O=[N+]([O-])c1cncnn1
11.0,132131.0,O=c1ccc(F)c(F)o1
8.0,3946.0,O=c1onc(O)o1
11.0,23792.0,
10.0,21874.0,O=c1cnoc(O)n1
11.0,23800.0,O=c1cc(F)cn[nH]1
10.0,21733.0,c1nc2conc2o1
10.0,128873.0,N#CC#Cc1cnon1
10.0,3916.0,O=Cc1cnoc1
11.0,3968.0,ON=c1cnonc1
10.0,21422.0,[NH][C]1NN=NC(=O)O1
10.0,123289.0,C#CC#Cc1nnon1
10.0,2607.0,C#CC#CCC#N
11.0,130792.0,O=c1ccc(=O)onn1
10.0,133452.0,[NH][C]1OC(=O)ON=C1F
10.0,1382.0,[NH][CH]OC(=O)C=O
10.0,130566.0,N#CC(=O)c1conn1
9.0,128877.0,N#Cc1nnoc1C#N
9.0,23875.0,C#CC(=O)C(F)(F)F
9.0,743.0,Cc1nnon1
11.0,133411.0,[NH]C1=C[C](F)C(F)=NO1
10.0,2739.0,N#CC1OCC1=O
11.0,24844.0,O=c1ncocnc1=O
11.0,133472.0,FC(F)(F)c1cnoc1
9.0,23683.0,Fc1ncnc(F)n1
11.0,25056.0,N#Cc1cnc(=O)oc1
9.0,60.0,CC(=O)C=O
10.0,332.0,C#CC(O)C#C
11.0,4954.0,[NH][C]1OC=COC1=O
9.0,8960.0,C#CC(=O)C#CC#N
9.0,500.0,N#CCOC=O
11.0,21549.0,Nc1nnoc1C=O
11.0,683.0,O=C1CC2NC12
11.0,21899.0,C#Cc1n[nH]nc1O
11.0,23636.0,O=c1cc(F)cco1
10.0,764.0,Nc1ncn[nH]1
11.0,133508.0,N#CCC#CC(F)(F)F
11.0,27871.0,
11.0,21401.0,C#CC1=NOC([NH])N1
11.0,1829.0,[NH][C]1COC(=O)N1
10.0,21788.0,O=Cc1noc(=O)[nH]1
11.0,206.0,Nc1c[nH]cn1
11.0,129319.0,[NH]C1=NC(C=O)=N[N]O1
9.0,56.0,C#CC(C)=O
10.0,23848.0,[NH]C1=N[CH]C(F)=NO1
11.0,130759.0,N#CCc1noc(=O)o1
11.0,132323.0,O=c1cc(F)cc(F)o1
11.0,23820.0,
11.0,130583.0,C#CC(=O)[CH][C][O].N#N
7.0,777.0,O=c1[nH]nno1
10.0,130620.0,N#N.O=C1C=NOC1=O
10.0,283.0,NC(=O)C(N)=O
11.0,129542.0,NC(=O)Oc1nnon1
11.0,1364.0,C#CCC(=O)C#C
10.0,130661.0,N#Cc1nocnc1=O
9.0,23813.0,O=c1onncc1F
11.0,23808.0,Oc1cnncc1F
11.0,123310.0,C#Cc1noc(C#C)n1
10.0,3915.0,O=Cc1c[nH]nn1
4.0,25.0,N#CC#N
10.0,132405.0,Fc1cc(F)nc(F)n1
11.0,130845.0,O=Cc1nnoc1C=O
11.0,130615.0,N#Cc1concc1=O
9.0,21767.0,c1nc2onnn2n1
10.0,128888.0,N#Cc1n[nH]nc1C#N
11.0,21846.0,O=COc1ccon1
11.0,23939.0,N#CC#Cc1ncco1
11.0,130530.0,[CH]1C=NC2=NO[N]N=C12
11.0,21339.0,N#CCc1ncon1
11.0,27048.0,O=Cc1oc(=O)oc1O
10.0,132822.0,Fc1ncnc(F)c1F
11.0,25375.0,N#Cc1cnc(C=O)o1
11.0,12172.0,N#CC1OC(=O)C1O
11.0,130871.0,O=Cc1cnnoc1=O
11.0,23791.0,[NH]C1=C[C](F)ON=C1
10.0,3937.0,Oc1n[nH]c(O)n1
10.0,130757.0,N#Cc1cnc(=O)on1
11.0,133583.0,N#CC1OC1C(F)(F)F
11.0,3704.0,CC1=NOC([NH])O1
11.0,23688.0,[NH]C1=NC=CC(F)O1
11.0,131250.0,N#Cc1ncc(O)nn1
11.0,130797.0,O=c1ccnnoc1=O
11.0,130588.0,[N][N][C]1C(=O)C=CC1=O
10.0,129158.0,[NH][C]1N=NON=NC1=O
11.0,21403.0,[NH][C]1NC(=O)C=NO1
10.0,23720.0,Fc1cnc(F)cn1
11.0,129137.0,N#N.[NH]C1=N[CH]OC1=O
11.0,130562.0,N#CC(=O)c1ccno1
11.0,2812.0,C#CC1OC1C#C
10.0,2120.0,[NH][C]1OCOC1=O
10.0,21751.0,c1nn2cnnc2o1
8.0,116.0,CC#CC#N
11.0,23676.0,Fc1cccc(F)n1
10.0,3903.0,O=c1cncn[nH]1
9.0,14563.0,C#CC#CC#CC#N
7.0,9.0,C#CC
11.0,4252.0,[NH]C1=N[CH]NC(=O)O1
10.0,132227.0,[NH]C1N=C(F)OC(F)=N1
11.0,131328.0,Oc1nn2nnnc2[nH]1
11.0,19340.0,N#CC12OC1C1OC12
11.0,131334.0,Oc1nnc2[nH]nnn12
10.0,1589.0,NC(=O)C(=O)C=O
10.0,128872.0,N#CC#Cc1ncon1
10.0,23802.0,O=c1cc(F)cno1
9.0,830.0,OCC(F)(F)F
10.0,23774.0,O=c1occnc1F
9.0,21907.0,N#Cc1nc(O)no1
11.0,887.0,Cc1coc(=O)o1
11.0,25183.0,N#Cc1cncoc1=O
11.0,130491.0,c1nc2nconc-2n1
11.0,132851.0,[NH][C]1OC(F)=COC1=O
9.0,133447.0,O=c1onc(F)oc1=O
11.0,21567.0,N#N.NC(=O)[CH][C][O]
9.0,23836.0,O=c1oncnc1F
11.0,3402.0,O=C1OC2C(O)C12
9.0,21777.0,O=c1ocnoc1=O
9.0,31.0,CCC#N
10.0,2495.0,C#CC(C#N)C=O
11.0,21563.0,N#Cc1cc(N)on1
11.0,133466.0,FC(F)(F)c1cocn1
10.0,130916.0,N#Cc1nonc1C=O
11.0,21713.0,NC=Nc1nnon1
11.0,21783.0,O=Cc1cnncn1
10.0,440.0,O=C1CN=CN1
11.0,131030.0,N#Cc1ncnn1C=O
10.0,4226.0,O=CCC(F)(F)F
11.0,9041.0,N#CC#CC(O)C=O
11.0,21504.0,NC(=O)c1ncon1
11.0,2500.0,N=CN(C=O)C=O
10.0,128883.0,N#Cc1conc1C#N
8.0,23876.0,N#CC(=O)C(F)(F)F
11.0,132181.0,[NH]C1=C(F)COC(F)=N1
11.0,192.0,Cc1cnco1
11.0,23881.0,O=C(CO)C(F)(F)F
11.0,346.0,CCC(=O)C#N
10.0,3920.0,O=Cc1cn[nH]n1
10.0,896.0,O=c1[nH]cc(O)o1
11.0,3286.0,O=C1OC2COC12
9.0,21441.0,[NH][C]1ON=NC(=O)O1
9.0,913.0,O=c1ncocn1
11.0,3870.0,Nc1conc1O
11.0,130876.0,N#Cc1nocc1C=O
9.0,23826.0,[NH]C1=NC(F)=N[N]O1
11.0,130882.0,O=Cc1nc(=O)cno1
11.0,130893.0,O=Cc1nnc(C=O)o1
10.0,123311.0,C#Cc1nc(C#N)no1
11.0,133390.0,Nc1noc(F)nc1=O
10.0,128861.0,N#CC#Cc1cnno1
11.0,21547.0,C#Cc1onnc1N
11.0,25058.0,N#Cc1coc(=O)cn1
11.0,3950.0,OCc1cnno1
11.0,49953.0,N#CC1(C#N)OC1C=O
11.0,3914.0,O=Cc1cn[nH]c1
10.0,5356.0,N#Cc1ncncn1
10.0,14584.0,O=CC#CC#CC=O
11.0,3777.0,CN=c1ocno1
9.0,23855.0,O=c1nconc1F
11.0,21476.0,[NH][CH]Oc1cnon1
11.0,4213.0,Fc1ccccn1
11.0,130824.0,O=CC(=O)c1ncno1
10.0,208.0,Nc1cocn1
11.0,23732.0,O=c1ccc(F)co1
8.0,21763.0,n1nc2onnc2o1
11.0,130576.0,N#CC(=O)n1ccnn1
7.0,11.0,CC=O
11.0,240.0,C[C]([NH])OC=O
10.0,23798.0,O=c1cnoc(F)c1
10.0,130563.0,N#CC(=O)c1cnno1
10.0,130817.0,O=CC#Cc1nnon1
11.0,133415.0,O=Cc1ncc(F)nn1
9.0,14.0,CCO
11.0,130829.0,O=CC(=O)c1cnon1
11.0,980.0,Nc1ocnc1O
11.0,21687.0,N#Cc1conc1N
11.0,20753.0,Cc1noc(C#N)n1
11.0,21865.0,[NH]C1=C(O)C=N[N]O1
10.0,23854.0,[NH]C1=N[CH]ON=C1F
11.0,21889.0,N#Cc1cc(O)n[nH]1
9.0,1014.0,N#Cc1cnco1
9.0,21734.0,c1onc2onnc12
11.0,131448.0,Oc1noc2ncnn12
10.0,21341.0,N#CCc1nnon1
11.0,21511.0,NC(=O)n1cnnn1
4.0,6.0,C=O
11.0,23810.0,
11.0,24803.0,N#Cc1cc(=O)nco1
11.0,132257.0,N#Cc1ccnc(F)n1
10.0,133469.0,FC(F)(F)c1cnno1
11.0,21974.0,O=[N+]([O-])c1ccoc1
11.0,9028.0,C#CC(O)C#CC#N
9.0,165.0,c1cn[nH]c1
11.0,21439.0,[NH][C]1ON=CNC1=O
10.0,8976.0,O=CC#CC(=O)C=O
11.0,158.0,C1=CCOC1
11.0,132684.0,Fc1cnc(F)c(F)c1
10.0,21739.0,c1cc2onnc2o1
11.0,21407.0,[NH][C]1C=NOC(=O)N1
10.0,4739.0,N#Cc1nc(O)co1
11.0,23758.0,Fc1ccncc1F
10.0,927.0,O=c1cncco1
10.0,21819.0,O=Cn1nn[nH]c1=O
11.0,133439.0,[NH]C1=C(F)[N]C(O)=NO1
11.0,132221.0,O=c1cc(F)oc(F)c1
11.0,8728.0,C#CC(O)C(=O)C#N
11.0,21740.0,c1cc2cnoc2o1
11.0,5183.0,O=COc1ncco1
11.0,129157.0,N#N.[NH]c1nnoc1[NH]
11.0,25372.0,N#Cc1ncc(C=O)o1
11.0,133424.0,C#Cc1cnc(F)nn1
10.0,768.0,Nc1cn[nH]n1
10.0,21408.0,
11.0,23696.0,O=c1ccnc(F)[nH]1
11.0,132242.0,[NH][C]1NC(=O)N=C(F)O1
11.0,2114.0,[NH][C]1NC=CC1=O
10.0,23853.0,O=c1cconc1F
11.0,131008.0,N#Cc1cn(C=O)nn1
10.0,23641.0,[NH]C1=NC(F)=NCO1
10.0,21514.0,NC(=O)n1nnnn1
10.0,733.0,Cc1conn1
11.0,132821.0,Oc1ncnc(F)c1F
11.0,3925.0,O=Cn1cccn1
10.0,3816.0,N#Cc1cn[nH]c1
10.0,3928.0,O=Cn1cnnc1
11.0,21666.0,N#Cc1n[nH]nc1N
10.0,21477.0,[NH][CH]Oc1nnon1
11.0,123320.0,C#Cc1cc(C#N)on1
11.0,23788.0,Nc1cnnc(F)n1
11.0,2408.0,O=C1C2OC1C2O
11.0,728.0,Cc1cnn[nH]1
11.0,123323.0,C#Cc1nonc1C#C
10.0,23982.0,N#Cc1coc(C#N)n1
7.0,3827.0,N#Cc1nnon1
7.0,491.0,N#CC#CC=O
11.0,21862.0,O=c1onccc1O
11.0,3832.0,
11.0,20625.0,Cc1nnoc1C#N
11.0,23722.0,Oc1ncc(F)cn1
11.0,21647.0,N#Cc1nc(N)n[nH]1
11.0,23635.0,O=c1cc(F)nc[nH]1
11.0,1160.0,CC(O)(C#N)C#N
9.0,782.0,Oc1c[nH]nn1
11.0,5470.0,C#Cc1ocnc1O
11.0,2963.0,N#CC(=O)N1CC1
11.0,131069.0,O=COc1cnnnn1
11.0,131993.0,O=[N+]([O-])c1cnncn1
11.0,130007.0,[N][N][C]1OC(N)=NC1=O
11.0,21367.0,c1cn2nnnc2[nH]1
11.0,1819.0,[NH]C1=C[CH]C(=O)N1
10.0,21376.0,c1nc2nonc2[nH]1
11.0,5015.0,O=c1ocncc1O
11.0,11690.0,N#CC12CC(=O)C1O2
9.0,752.0,[NH]C1NC=NO1
10.0,21909.0,O=c1cnc(O)no1
11.0,23665.0,Nc1ncnc(F)n1
11.0,501.0,[NH][CH]OCC=O
11.0,8791.0,N#CC(=O)C(=O)CO
11.0,123280.0,C#CC#Cc1conn1
11.0,2510.0,COC(C#N)C#N
9.0,1367.0,N#CCC(=O)C#N
11.0,21676.0,C#Cc1nc(N)no1
10.0,21325.0,N#Cc1nccnn1
10.0,35165.0,N#CC1OC1(C#N)C#N
11.0,23852.0,[NH]C1=C[CH]ON=C1F
8.0,3826.0,N#Cc1cnon1
11.0,132483.0,[NH]C1=C(F)CN=C(F)O1
11.0,2125.0,O=C1COCC1=O
11.0,128930.0,N#CCN=c1onno1
11.0,132079.0,[NH]C1=C(F)C(F)N=CO1
10.0,2643.0,CC#CC#CC#N
11.0,4738.0,C#Cc1nc(O)co1
10.0,919.0,[NH]C1=NCN=CO1
10.0,8723.0,O=CC(=O)C(=O)C=O
11.0,3878.0,Nc1nnc(N)o1
11.0,23955.0,C#Cc1ocnc1C#N
11.0,245.0,N=C(N)NC=O
11.0,48381.0,N#CC1OC1(C#N)C=O
10.0,351.0,C#CC(=O)CO
11.0,132850.0,[NH][C]1OC=C(F)OC1=O
11.0,130510.0,c1nc2cnonc-2n1
10.0,23835.0,[NH]C1=C(F)[N]C=NO1
11.0,130755.0,N#Cc1ccc(=O)on1
11.0,123309.0,C#Cc1conc1C#N
11.0,685.0,O=C1CN2CC12
3.0,3.0,O
11.0,2741.0,N#CC1CNC1=O
11.0,130603.0,N#N.O=C1C=COC1=O
11.0,2572.0,O=CC1(C=O)CO1
10.0,4212.0,Fc1cncnc1
11.0,23773.0,[NH]C1=C(F)[N]C=CO1
11.0,3803.0,COc1conn1
11.0,53724.0,N#CC(=O)C#CC(N)=O
8.0,3648.0,C#Cc1nnon1
10.0,21838.0,[N][N][CH]C(=O)OC=O
11.0,130727.0,N#CC1=N[N]NC(=O)[CH]1
9.0,21980.0,O=[N+]([O-])c1conn1
10.0,721.0,c1ccnnc1
7.0,34.0,N#CCO
9.0,3822.0,N#Cc1nc[nH]n1
11.0,43434.0,N#C[C]1C=C([NH])OC1=O
10.0,132407.0,Oc1nc(F)nc(F)n1
11.0,129129.0,[NH][C]1N=CN=NOC1=O
11.0,21431.0,[NH]C1=C([NH])ON=CO1
9.0,23799.0,N#N.[O][C][CH]C(=O)F
11.0,130496.0,c1nncc2nonc12
9.0,133481.0,FC(F)(F)c1nnon1
11.0,43613.0,N#CC1(C#N)CC(=O)O1
10.0,741.0,Cc1ncon1
11.0,21385.0,c1nc2[nH]ncc2o1
11.0,131022.0,O=Cn1ncc(=O)nn1
10.0,21870.0,N#N.[NH][C][N]C(=O)O
11.0,1404.0,N#CCC(O)C#N
9.0,352.0,N#CC(=O)CO
8.0,23828.0,N#N.O=C=NC(=O)F
11.0,3962.0,OCc1cnon1
10.0,21900.0,N#Cc1n[nH]nc1O
11.0,130551.0,C#CC(=O)c1cnon1
11.0,21625.0,Nc1nc(C=O)no1
10.0,3930.0,O=Cn1nccn1
11.0,66.0,C#CC(C)O
10.0,23801.0,O=C1[CH]C(F)=N[N]N1
10.0,210.0,Oc1c[nH]cn1
11.0,132.0,O=CCCO
11.0,21814.0,O=CCn1nnnn1
11.0,25550.0,O=COc1coc(=O)o1
11.0,948.0,Nc1ncncn1
11.0,24999.0,O=C1O[C]2OCO[C]2O1
9.0,3817.0,N#Cc1c[nH]nn1
11.0,130497.0,c1cnc2nonc2n1
10.0,23843.0,O=c1cnc(F)n[nH]1
11.0,123287.0,C#CC#Cc1ncon1
11.0,21828.0,O=CNc1ncno1
10.0,357.0,O=CC(=O)CO
11.0,512.0,CCC#CC#N
11.0,130601.0,N#Cc1noccc1=O
10.0,132137.0,O=c1ncc(F)c(F)o1
10.0,1022.0,N#Cc1c[nH]cn1
10.0,1012.0,N#Cc1ccco1
10.0,133421.0,O=c1nc(O)onc1F
11.0,21533.0,N#Cc1nn[nH]c1N
11.0,207.0,Nc1ccoc1
10.0,130667.0,
11.0,25317.0,N#Cc1ncoc1C=O
11.0,4426.0,[NH]C1=NC=NC(O)O1
10.0,132852.0,O=c1occ(F)oc1=O
11.0,23633.0,[NH]C1=CC(F)N=CO1
11.0,727.0,Cc1ccno1
11.0,129153.0,C#CC1=NO[N]N=C1[NH]
11.0,132261.0,N#Cc1nccc(F)n1
11.0,21817.0,O=Cn1nc[nH]c1=O
10.0,133473.0,FC(F)(F)c1conn1
10.0,185.0,[NH]C1NC=CO1
11.0,3641.0,C#Cc1cc[nH]n1
11.0,11693.0,N#CC12CC1C(=O)O2
11.0,23621.0,[NH]C1=CC(F)OC=N1
8.0,3825.0,N#Cc1ncon1
11.0,23975.0,C#Cc1coc(C#N)n1
6.0,176.0,c1nnon1
10.0,23681.0,Fc1ccnc(F)n1
10.0,23825.0,[NH]C1=N[C](F)C=NO1
11.0,130905.0,N#Cc1cc(C=O)no1
9.0,4225.0,N#CCC(F)(F)F
10.0,133403.0,N#N.[O][C][C](F)C(=O)O
10.0,3935.0,Oc1cnncn1
11.0,130865.0,O=CC1=N[N]OC(=O)[CH]1
11.0,21915.0,O=c1cconc1O
11.0,21468.0,[NH][CH]Oc1conn1
10.0,23838.0,Fc1ccc(F)nn1
8.0,21768.0,n1nc2onnn2n1
10.0,4214.0,Fc1ncccn1
10.0,130793.0,O=c1cnc(=O)onn1
9.0,128887.0,N#Cc1nnc(C#N)o1
10.0,687.0,O=C1OC2CC12
11.0,4424.0,O=c1ccnc(O)o1
11.0,132141.0,O=c1cnc(F)c(O)o1
11.0,130528.0,c1ncc2nnoc2n1
11.0,5354.0,N#Cc1cnccn1
10.0,3837.0,[NH][C]1[N][CH]NN=N1
10.0,3934.0,Oc1cncnn1
11.0,24811.0,C#Cc1nc(=O)nco1
11.0,130023.0,Nc1nc2nonc2o1
11.0,21475.0,[NH][CH]Oc1ncon1
10.0,735.0,Cc1ncno1
11.0,21513.0,NC(=O)n1ncnn1
11.0,20525.0,CC(=O)c1nnon1
10.0,21913.0,N#Cc1conc1O
11.0,21534.0,C#C[C]([N][N])C(N)=O
10.0,356.0,COC(=O)C=O
10.0,4216.0,Fc1ccncn1
9.0,23850.0,O=c1cnc(F)no1
10.0,1020.0,C#Cc1cocn1
10.0,18.0,CC(C)=O
11.0,21905.0,[NH]C1=C[N]C(O)=NO1
11.0,131121.0,N#CC(O)c1nnon1
10.0,131998.0,O=[N+]([O-])c1ncnnn1
10.0,958.0,Oc1ncncn1
10.0,133414.0,O=c1cc(F)c(F)no1
11.0,3859.0,Nc1nn[nH]c1O
11.0,355.0,CNC(=O)C=O
11.0,21545.0,N#Cc1oncc1N
11.0,3872.0,Nc1noc(N)n1
7.0,325.0,N#CC(=O)C=O
11.0,123305.0,C#Cc1cc(C#N)no1
11.0,21414.0,[NH][C]1NC=NOC1=O
11.0,132223.0,O=c1cc(F)oc(O)n1
10.0,21323.0,N#Cc1cnncn1
9.0,21749.0,c1nc2nonc2o1
10.0,9030.0,N#CC#CC(O)C#N
9.0,143.0,N#CC1CN1
11.0,556.0,N#CC1CCO1
11.0,23937.0,N#CC#Cc1cnco1
11.0,21364.0,[N][N]C1=C[CH]NC1=O
9.0,899.0,O=c1occ(O)o1
11.0,130906.0,C#Cc1nc(C=O)no1
11.0,132310.0,NC(N=C=O)=NC(=O)F
11.0,131974.0,[N][N][C](C(N)=O)[N+](=O)[O-]
10.0,21404.0,[NH][C]1NC(=O)N=NO1
11.0,23789.0,Nc1cnc(F)nn1
11.0,129304.0,N#CC1=C([NH])ON=C[N]1
11.0,3864.0,Nc1cncnn1
6.0,12.0,NC=O
11.0,132253.0,N#Cc1cc(F)ncn1
11.0,2874.0,N#CC1=NCCO1
11.0,3767.0,Cn1nnc(O)n1
11.0,21617.0,C#Cc1noc(N)n1
11.0,2737.0,N#CC1NCC1=O
11.0,244.0,CC(=O)O[CH][NH]
10.0,3813.0,N#Cc1ccn[nH]1
11.0,507.0,CC#CCC#N
10.0,21843.0,O=COc1ncno1
11.0,130527.0,c1cnc2onnc2n1
11.0,2623.0,O=CC#CCC=O
10.0,132485.0,O=c1oc(F)ncc1F
10.0,42387.0,N#C[C]([NH])OC(=O)C#N
10.0,50.0,c1cc[nH]c1
7.0,826.0,C#CC(F)(F)F
11.0,129316.0,[NH][C]1N=CC(=O)N=NO1
9.0,331.0,N#CC(N)C#N
9.0,3943.0,O=c1[nH]nc(O)o1
11.0,21672.0,N#Cc1cc(N)no1
11.0,131073.0,O=COc1noc(=O)[nH]1
7.0,173.0,c1nnco1
10.0,132342.0,[NH][C][N]C(F)=NC(=O)F
11.0,132210.0,Nc1nc(=O)nc(F)o1
11.0,1019.0,C#Cc1ccoc1
11.0,130728.0,C#Cc1nn[nH]c(=O)n1
10.0,133419.0,O=c1c(F)conc1F
11.0,4620.0,O=c1cnc(O)co1
11.0,3893.0,O=c1cc[nH]nc1
11.0,24898.0,N#Cc1cncc(=O)o1
11.0,4413.0,Nc1ncnc(=O)o1
10.0,5676.0,c1nc2ncoc2o1
10.0,133406.0,O=c1oncc(F)c1F
9.0,1372.0,N#C[C]([NH])OC=O
11.0,2621.0,C#CC#CCC=O
10.0,23874.0,N#CC(O)C(F)(F)F
10.0,44.0,CC1CO1
11.0,3636.0,C#Cc1cn[nH]c1
10.0,1385.0,CC#CC(=O)C#N
9.0,3922.0,O=Cc1ncon1
10.0,133412.0,O=c1cc(F)onc1F
11.0,957.0,Oc1ccncn1
11.0,132317.0,Nc1nc(F)nc(=O)o1
11.0,21614.0,[NH]C1=NC(N)=N[N]O1
11.0,132239.0,[NH][C]1N=C(F)OC(=O)N1
11.0,129055.0,[NH][C]1C=NC(=O)ON=N1
10.0,21744.0,c1cn2nnnc2o1
11.0,1021.0,N#Cc1cc[nH]c1
9.0,133407.0,O=C1O[N]N=C(F)[C]1F
10.0,780.0,Oc1ccn[nH]1
9.0,21445.0,[NH][C]1ON=NOC1=O
11.0,46180.0,N#CC1(C#N)OCC1=O
9.0,23819.0,N#N.[O][C][C](F)C=O
9.0,3929.0,O=Cn1cnnn1
11.0,23998.0,N#Cc1ccc(C#N)o1
11.0,42168.0,C#CC(=O)C(C#N)C#N
10.0,21736.0,c1occ2onnc12
9.0,4217.0,Fc1ncncn1
10.0,21903.0,N#Cc1cc(O)no1
11.0,131924.0,O=[N+]([O-])c1ncncn1
10.0,330.0,C#CC(N)C#N
11.0,23623.0,O=c1ccoc(F)c1
6.0,28.0,O=CC=O
11.0,232.0,CC#CC(N)=O
10.0,2501.0,O=CN(C=O)C=O
11.0,21699.0,Nc1noncc1=O
9.0,130791.0,N#Cc1nnoc(=O)n1
8.0,321.0,C#CC(=O)C#C
11.0,328.0,C#CC(C)C#N
10.0,131329.0,Oc1nc2onnn2n1
8.0,59.0,C#CC(N)=O
9.0,23803.0,O=C1[CH]C(F)=N[N]O1
10.0,130662.0,N#N.O=C=NC=O.[C]=O
11.0,130105.0,Nc1nc2onnn2n1
9.0,132002.0,O=c1onc([N+](=O)[O-])o1
11.0,130666.0,C#C[C]([C][O])C=O.N#N
9.0,783.0,Oc1ncn[nH]1
11.0,132340.0,[NH]C1=NC(F)=NC(O)O1
11.0,1821.0,O=C1C=CC(=O)C1
5.0,24.0,C#CC#N
11.0,5059.0,O=c1cncncn1
10.0,21835.0,O=CNc1nnon1
11.0,45.0,CN1CC1
11.0,11200.0,O=CC1=NCC(=O)O1
10.0,2813.0,C#CC1OC1C#N
10.0,1830.0,[NH][C]1COC(=O)O1
11.0,23768.0,O=c1[nH]cncc1F
11.0,130888.0,O=Cc1noc(C=O)n1
9.0,23645.0,O=c1nc(F)nco1
11.0,129083.0,N#C[C]1N=C([NH])C=NO1
11.0,4421.0,O=c1cncc(O)o1
10.0,23697.0,O=c1ccnc(F)o1
11.0,766.0,Nc1cc[nH]n1
10.0,3886.0,[NH]C1ON=C(N)O1
11.0,132484.0,O=c1oc(O)ncc1F
11.0,130580.0,N#CC(=O)n1nccn1
11.0,131071.0,O=COc1ncnnn1
11.0,130890.0,O=Cc1ncnoc1=O
10.0,130775.0,N#Cc1cnoc(=O)n1
8.0,723.0,c1nncnn1
10.0,123324.0,C#Cc1nonc1C#N
11.0,33369.0,N#CC#CCC#CC#N
10.0,23760.0,Fc1cncnc1F
10.0,21428.0,[NH][C]1C=NOC(=O)O1
11.0,3688.0,Cc1nc(O)no1
11.0,133315.0,Nc1nnoc(=O)c1F
10.0,21765.0,c1cn2nnoc2n1
10.0,130572.0,N#CC(=O)c1ncon1
11.0,3842.0,
11.0,858.0,Nc1nc(O)co1
10.0,21381.0,c1nc2n[nH]nc2o1
11.0,23787.0,Nc1cnnc(F)n1
11.0,3632.0,C#Cc1ccn[nH]1
11.0,132703.0,Oc1nc(F)ncc1F
11.0,131462.0,O=COc1nonc1O
10.0,142.0,N#CC1CC1
11.0,2260.0,O=C1OC2CC12O
6.0,174.0,c1nnno1
11.0,740.0,Cc1ccon1
10.0,130612.0,N#Cc1nc(=O)cno1
11.0,23806.0,[NH]C1=C(F)[CH]C=NO1
11.0,130611.0,C#Cc1nc(=O)cno1
11.0,2738.0,C#CC1OCC1=O
9.0,107.0,C#CCC#C
10.0,1204.0,NC(=O)C#CC=O
11.0,1836.0,O=C1CNC(=O)N1
11.0,132219.0,[NH]C1=CC(F)OC(F)=N1
11.0,918.0,[NH]C1=CCN=CO1
10.0,8959.0,C#CC#CC(=O)C#C
11.0,21611.0,N#N.[NH][C][N]C(N)=O
11.0,131383.0,Oc1n[nH]c2nnnn12
11.0,47277.0,O=C1OCOC(=O)C1=O
11.0,21852.0,C#Cc1[nH]nnc1O
11.0,25428.0,N#Cc1nc(C=O)co1
6.0,486.0,N#CC#CC#N
11.0,21616.0,N#Cc1n[nH]c(N)n1
11.0,21473.0,[NH][CH]Oc1nn[nH]n1
9.0,3945.0,[NH]C1ON=C(O)O1
3.0,5.0,C#N
10.0,1379.0,[NH][C](C=O)OC=O
11.0,21902.0,C#Cc1cc(O)no1
11.0,2561.0,N#CC1(C#N)CC1
9.0,186.0,[NH]C1OC=CO1
11.0,23686.0,O=c1cccc(F)o1
8.0,108.0,C#CCC#N
11.0,8613.0,C#CC(O)(C#C)C#N
11.0,2824.0,N#CC1CN1C=O
10.0,23643.0,O=c1nc(F)nc[nH]1
10.0,3927.0,O=Cn1cncn1
11.0,23816.0,[NH]C1=C(F)[CH]ON=C1
11.0,23795.0,
10.0,23624.0,O=c1cc(F)ocn1
8.0,789.0,Oc1ncon1
11.0,24932.0,[NH]C1Oc2ncoc2O1
11.0,23639.0,[NH]C1=NC(F)=NCN1
11.0,46184.0,N#CC1(C#N)COC1=O
11.0,21633.0,Nc1ncnoc1=O
11.0,133462.0,FC(F)(F)c1ncco1
10.0,21761.0,c1nc2oncn2n1
9.0,33390.0,N#CC(C#N)(C#N)C#N
10.0,23723.0,Fc1cnc(F)nc1
10.0,21443.0,[NH][C]1ON=NNC1=O
11.0,21883.0,O=Cn1ncc(O)n1
11.0,8972.0,C#CC(=O)OCC#N
10.0,829.0,NCC(F)(F)F
11.0,1827.0,[NH][C]1CNC(=O)O1
9.0,218.0,c1ncncn1
11.0,133409.0,[NH]C1=C[C](F)ON=C1F
11.0,3844.0,
10.0,489.0,N#CCCC#N
11.0,131020.0,N#Cc1cnn(C=O)n1
11.0,21700.0,[NH]C1=N[N]ON=C1N
10.0,21859.0,N#N.[O][C][CH]C(=O)O
11.0,23769.0,[NH]C1=C(F)CN=CO1
11.0,23872.0,N#CC(N)C(F)(F)F
10.0,21876.0,O=c1nc(O)nn[nH]1
8.0,326.0,O=CC(=O)C=O
11.0,130520.0,c1noc2ncnc-2n1
11.0,129274.0,[NH]C1ON=C(OC=O)O1
11.0,680.0,[NH][C]1OC2CC12
10.0,21394.0,n1nc2nn[nH]c2[nH]1
11.0,2123.0,O=C1CCOC1=O
8.0,32.0,N#CCN
11.0,130569.0,N#CC(=O)c1nc[nH]n1
11.0,892.0,Nc1coc(=O)[nH]1
10.0,729.0,Cc1cnno1
10.0,3880.0,Nc1n[nH]c(=O)o1
11.0,24964.0,O=c1[nH]c2ncoc2o1
10.0,130798.0,O=c1ncnnoc1=O
10.0,767.0,Nc1nc[nH]n1
10.0,3926.0,O=Cn1ccnn1
9.0,147.0,O=CC1CO1
11.0,130851.0,N#Cc1oncc1C=O
11.0,3694.0,Cc1n[nH]c(=O)o1
11.0,161.0,C1COCO1
8.0,787.0,Oc1nn[nH]n1
11.0,21374.0,c1nc2n[nH]nc2[nH]1
11.0,130756.0,C#Cc1cnc(=O)on1
11.0,21622.0,Nc1nn[nH]c(=O)n1
11.0,21461.0,N=CNc1nnon1
10.0,130533.0,c1nc2nnonc-2n1
11.0,132327.0,[NH]C1=NC(F)=CC(F)O1
11.0,17159.0,N#CC12OC3C1OC32
11.0,132836.0,N#Cc1nccnc1F
11.0,3829.0,[NH]C1=C[CH]ON=C1
11.0,20309.0,C#Cc1nccnn1
11.0,20307.0,C#Cc1cnncn1
11.0,133405.0,O=c1[nH]ncc(F)c1F
11.0,497.0,C#CCNC=O
10.0,21816.0,O=Cn1cnoc1=O
11.0,50804.0,N#CC(=O)[C]([NH])OC=O
11.0,25139.0,N#CC1N=COC([NH])=N1
11.0,2967.0,O=CC(=O)C1CO1
10.0,3029.0,N#CC#CC1CO1
11.0,130731.0,O=c1cnc(=O)[nH]nn1
11.0,731.0,Cc1c[nH]nn1
9.0,21756.0,c1noc2nnoc12
11.0,132341.0,[NH][C]N=C(O)[N]C(=O)F
8.0,484.0,C#CC#CC#C
11.0,281.0,CC(=O)C(N)=O
11.0,133451.0,[NH][C]1NC(=O)ON=C1F
11.0,3042.0,O=CC#CC1CO1
11.0,133423.0,O=Cc1cnc(F)nn1
10.0,2569.0,N#CC1(C=O)CO1
11.0,33336.0,N#CC#CC1OC1C#N
10.0,8973.0,N#CCOC(=O)C#N
11.0,4656.0,N#Cc1coc(N)n1
11.0,132896.0,O=c1occ(F)nc1O
10.0,3866.0,Nc1cnnnn1
11.0,132687.0,Oc1cnc(F)c(F)n1
10.0,4232.0,N=C(N)C(F)(F)F
8.0,776.0,O=c1[nH]nn[nH]1
11.0,130103.0,Nc1nn2nnnc2o1
11.0,5018.0,O=c1occnc1O
8.0,3815.0,N#Cc1cnno1
9.0,3850.0,[NH]C1=NC=N[N]O1
6.0,10.0,CC#N
11.0,9119.0,N#CC(=O)C#CCO
10.0,21349.0,N#CCn1nnnn1
11.0,878.0,Nc1cnc(O)o1
8.0,23866.0,FC(F)(F)C(F)(F)F
10.0,128866.0,N#CC#Cc1ncno1
8.0,334.0,N#CC(O)C#N
11.0,910.0,O=c1cc[nH]cn1
11.0,4630.0,C#Cc1coc(=O)[nH]1
9.0,21820.0,O=Cn1nnoc1=O
10.0,926.0,O=c1nccco1
11.0,178.0,C#CC(C)=NO
11.0,20481.0,c1noc2c1OCO2
10.0,130668.0,C#Cc1nonnc1=O
9.0,3909.0,O=C1[CH]C=N[N]O1
10.0,131996.0,O=[N+]([O-])c1nc(O)no1
9.0,21762.0,c1noc2nnnn12
11.0,1029.0,O=Cc1ncc[nH]1
11.0,27030.0,N#Cc1oc(=O)oc1N
11.0,21438.0,[NH]C1ON=CN1C=O
10.0,21535.0,[N][N][C](C#N)C(N)=O
10.0,130581.0,N#CC(=O)n1ncnn1
9.0,1016.0,N#Cc1ncco1
10.0,24902.0,N#Cc1ncnc(=O)o1
11.0,130545.0,C#CC(=O)c1ncno1
10.0,133420.0,[NH][C]1N=C(F)ON=C1F
10.0,132183.0,O=c1nc(F)occ1F
11.0,27033.0,C#Cc1oc(=O)oc1O
10.0,21745.0,c1nc2oncc2o1
9.0,21737.0,c1onc2nnoc12
11.0,17015.0,N#CC1C2OC1C2=O
11.0,23961.0,N#Cc1ccoc1C#N
10.0,1366.0,C#CC(=O)CC#N
10.0,3643.0,C#Cc1cn[nH]n1
10.0,2743.0,N#CC1COC1=O
11.0,454.0,O=C1NCCO1
11.0,347.0,CNC(=N)C#N
11.0,130616.0,O=c1cnocnc1=O
11.0,9029.0,C#CC#CC(O)C#N
11.0,131337.0,Oc1nnc2oncn12
11.0,510.0,CN=COC=O
9.0,441.0,O=C1CN=CO1
9.0,21981.0,O=[N+]([O-])c1ncno1
11.0,8729.0,C#CC(=O)C(O)C#N
10.0,21757.0,c1noc2oncc12
9.0,132229.0,O=c1nc(F)oc(F)n1
9.0,759.0,Nc1cnno1
11.0,128871.0,N#CC#Cc1ccon1
10.0,21884.0,O=Cn1nnc(O)n1
11.0,699.0,N1C2C3OC2C13
11.0,133519.0,O=CNC(=O)C(F)(F)F
7.0,3900.0,O=c1nnonn1
11.0,75.0,CNC(N)=O
10.0,133479.0,FC(F)(F)c1ncon1
11.0,53718.0,N#CC#CC#CC(N)=O
9.0,23851.0,O=c1ncc(F)no1
11.0,1026.0,O=Cc1ccco1
10.0,2822.0,N#CC1OC1C=O
11.0,11192.0,N#CC1COC(=O)O1
10.0,199.0,Oc1cnc[nH]1
11.0,442.0,[NH]C1=C[CH]CO1
9.0,3888.0,Nc1noc(=O)o1
9.0,133454.0,O=c1c(F)nonc1F
11.0,21601.0,N#Cc1nocc1N
11.0,11632.0,N#CC12CC(O1)C2=O
11.0,4956.0,O=c1[nH]ccoc1=O
10.0,21440.0,[NH][C]1ON=COC1=O
10.0,187.0,O=c1[nH]cc[nH]1
11.0,21877.0,O=Cn1ncnc1O
11.0,732.0,Cc1cnoc1
8.0,23859.0,O=c1nnonc1F
10.0,21873.0,N#Cc1n[nH]c(O)n1
9.0,1024.0,N#Cc1cocn1
11.0,128868.0,N#CC#Cc1nc[nH]n1
10.0,21444.0,[NH]C1=C([NH])ON=NO1
11.0,21833.0,O=CNc1ncon1
8.0,490.0,C#CC#CC=O
11.0,4382.0,Oc1ncnc(O)n1
10.0,513.0,C#CC#CCO
10.0,504.0,O=CCOC=O
9.0,23831.0,O=c1nc(F)cno1
9.0,3823.0,N#Cc1cn[nH]n1
11.0,21330.0,N#CCc1cnno1
11.0,21806.0,O=CCc1nnon1
9.0,61.0,N=C(N)C=O
11.0,5202.0,O=COc1cocn1
11.0,4209.0,Fc1ccncc1
11.0,2879.0,N#CC1CN=CO1
11.0,21908.0,O=c1ccc(O)no1
10.0,79.0,NC(=O)CO
11.0,24968.0,O=c1oc2nc[nH]c2o1
10.0,200.0,Oc1ncc[nH]1
11.0,21360.0,c1cc2onnc2[nH]1
11.0,712.0,N1C2C1C1OC21
11.0,922.0,O=c1cncc[nH]1
11.0,43663.0,C#CC1OC(=O)C(=O)O1
8.0,21988.0,O=[N+]([O-])c1nnon1
11.0,21540.0,N#Cc1[nH]nnc1N
11.0,129313.0,C#CC1=N[N]OC([NH])=N1
10.0,8620.0,N#CC(O)(C#N)C=O
11.0,130309.0,Nc1noc2nnnn12
10.0,3857.0,Nc1onnc1O
10.0,21770.0,O=c1ncnncn1
11.0,133363.0,Nc1nc(F)noc1=O
11.0,20781.0,Cc1nonnc1=O
9.0,110.0,C#CCC=O
11.0,132832.0,N#Cc1ncncc1F
10.0,761.0,Nc1c[nH]nn1
11.0,9034.0,N#CC(O)C#CC=O
10.0,248.0,NC(=O)NC=O
11.0,130852.0,C#Cc1onnc1C=O
10.0,21402.0,N#CC1=NOC([NH])N1
9.0,21849.0,O=COc1nnon1
11.0,42386.0,C#CC(=O)O[C]([NH])C#N
11.0,5350.0,N#Cc1cnccn1
11.0,1386.0,CC#CC(=O)C=O
11.0,2642.0,C#CC#CC#CC
11.0,907.0,[NH]C1=NCNC=N1
11.0,23759.0,Oc1ncncc1F
11.0,246.0,NC(=O)CC=O
11.0,132406.0,Oc1nc(O)nc(F)n1
11.0,42380.0,N#CC#CCC(=O)C#N
11.0,132725.0,N#Cc1cnc(F)cn1
10.0,196.0,Nc1cnco1
10.0,4224.0,C#CCC(F)(F)F
11.0,2567.0,N#CC1(C=O)CN1
8.0,7.0,CC
11.0,4628.0,C#CC1=COC([NH])O1
9.0,514.0,N#CC#CCO
11.0,18424.0,N#CC1C2OC(=O)C12
5.0,184.0,FC(F)(F)F
11.0,21693.0,Nc1nocnc1=O
11.0,4418.0,O=c1nccc(O)o1
11.0,23691.0,[NH]C1=C[N]C=C(F)O1
10.0,3963.0,OCc1nnon1
9.0,117.0,CC#CC=O
10.0,140.0,C#CC1CN1
9.0,128874.0,N#CC#Cc1nnon1
10.0,3833.0,
10.0,132263.0,N#Cc1ncnc(F)n1
10.0,130560.0,C#CC(=O)n1nnnn1
11.0,132403.0,Oc1cc(F)nc(F)n1
9.0,21986.0,O=[N+]([O-])c1ncon1
11.0,131033.0,C#Cc1nnn(C=O)n1
11.0,42353.0,N#CC#CC(=O)CC#N
11.0,131041.0,O=Cn1nncnc1=O
10.0,23807.0,O=c1onccc1F
10.0,20486.0,C1Oc2nonc2O1
11.0,35162.0,C#CC1OC1(C#N)C#N
11.0,3882.0,Nc1n[nH]c(O)n1
10.0,3849.0,[NH]C1=CC=N[N]O1
11.0,21834.0,O=CNc1cnon1
11.0,24810.0,N#Cc1nc(=O)cco1
10.0,21620.0,N#N.NC(=O)N=C=O
11.0,2558.0,C#CC1(C#N)CN1
9.0,130669.0,N#CC([C][O])=N[O].N#N
11.0,3879.0,Nc1n[nH]c(=O)[nH]1
10.0,130618.0,N#Cc1noncc1=O
10.0,4211.0,Fc1cnccn1
11.0,132339.0,[NH]C1=NC(F)=NC(F)N1
10.0,132897.0,O=c1occ(F)nc1F
11.0,21682.0,Nc1noc(C=O)n1
11.0,129242.0,[NH]C1Oc2cnoc2O1
10.0,20308.0,C#Cc1cnnnn1
11.0,132135.0,[NH]C1=NC=C(F)C(F)O1
9.0,21434.0,N#CC1=NOC([NH])O1
9.0,128889.0,N#Cc1nonc1C#N
10.0,8614.0,C#CC(O)(C#N)C#N
11.0,123293.0,C#Cc1oncc1C#N
11.0,164.0,C1CC2OC12
11.0,914.0,[NH]C1=NC=NCN1
11.0,132182.0,O=c1nc(O)occ1F
11.0,123.0,CNCC#N
11.0,130914.0,O=Cc1nocnc1=O
11.0,130747.0,[N][N][C]1C(=O)COC1=O
9.0,1202.0,N#CC#CC(N)=O
11.0,129811.0,Nc1onc2nnoc12
9.0,763.0,Nc1conn1
11.0,33285.0,N#CC#CC1(C#N)CO1
11.0,23718.0,Fc1ccc(F)nc1
10.0,3874.0,Nc1nc(O)no1
10.0,2493.0,C#CC(C#C)C#N
11.0,133468.0,FC(F)(F)c1ccno1
11.0,132894.0,[NH]C1=C(F)[N]C(F)=CO1
11.0,3666.0,Cc1onnc1O
10.0,24812.0,N#Cc1nc(=O)nco1
11.0,1946.0,O=CC1CC(=O)O1
11.0,50790.0,N#CC#C[C]([NH])OC=O
11.0,8985.0,N#CCOC(=O)C=O
11.0,1588.0,N=C(N)C(=O)C=O
11.0,4636.0,[NH]C1OC=C(C=O)O1
11.0,130808.0,O=CC#Cc1conn1
10.0,1371.0,C#C[C]([NH])OC=O
10.0,78.0,COC(N)=O
11.0,132222.0,O=c1cc(O)oc(F)n1
11.0,132702.0,Oc1ncc(F)c(F)n1
11.0,42182.0,N#CC(=O)C1(C#N)CO1
10.0,4254.0,[NH]C1=N[CH]OC(=O)O1
11.0,24011.0,N#Cc1cocc1C#N
11.0,925.0,O=c1cccco1
11.0,129138.0,[NH]C1N=NN(C=O)N=N1
11.0,4255.0,[NH][C]1OC=CC(=O)O1
10.0,217.0,c1cncnc1
9.0,929.0,O=c1ncnco1
11.0,16264.0,N#CC12OC1CC2=O
10.0,4256.0,[NH][C]1OC=NC(=O)O1
10.0,23770.0,O=c1ocncc1F
11.0,21696.0,Nc1nonc1C=O
11.0,9026.0,N#CC#CC(N)C#N
11.0,25337.0,O=Cc1nc(=O)nco1
11.0,21912.0,C#Cc1conc1O
10.0,21847.0,O=COc1ncon1
10.0,130567.0,N#CC(=O)c1ncno1
6.0,779.0,O=c1onno1
10.0,23999.0,N#Cc1cnc(C#N)o1
8.0,4222.0,Fc1ncnnn1
10.0,130686.0,[N][N][C]1NC(=O)OC1=O
11.0,23785.0,Nc1cnc(F)nn1
4.0,2.0,N
11.0,20335.0,C#CCn1nnnn1
11.0,130795.0,C#C[C]1C=N[N]OC1=O
11.0,10000.0,N#CC(C=O)OC=O
10.0,128870.0,N#CC#Cc1nn[nH]n1
11.0,69.0,CC(O)C=O
11.0,130550.0,C#CC(=O)c1ncon1
11.0,15454.0,C#CC1N=COC1=O
11.0,23679.0,Oc1ccnc(F)n1
11.0,5351.0,N#Cc1cncnc1
10.0,21984.0,O=[N+]([O-])c1cn[nH]n1
11.0,130565.0,N#CC(=O)c1cnoc1
11.0,132336.0,O=c1cc(O)nc(F)o1
11.0,2568.0,C#CC1(C=O)CO1
11.0,133489.0,NC(=O)C#CC(F)(F)F
11.0,21372.0,c1nc2nn[nH]c2[nH]1
9.0,112.0,N=CNC=O
10.0,349.0,C#CC(=O)OC
11.0,139.0,C#CC1CC1
9.0,786.0,Oc1cn[nH]n1
9.0,211.0,Oc1cocn1
11.0,21094.0,Cn1nnc(=O)nn1
11.0,132040.0,O=c1ncoc(O)c1F
11.0,21400.0,[NH]C1=N[N]OC([NH])N1
11.0,21973.0,O=[N+]([O-])c1c[nH]cn1
11.0,132813.0,Fc1cncc(F)c1F
10.0,133441.0,[NH]C1=C(F)[N]C(F)=NO1
9.0,3824.0,N#Cc1ccon1
11.0,23772.0,O=c1[nH]ccnc1F
11.0,21521.0,[N][N][C](C=O)C(N)=O
10.0,23793.0,N#N.[NH][C][CH]C(=O)F
11.0,23731.0,[NH]C1=NC=C(F)CO1
10.0,713.0,O1C2C1C1OC21
11.0,21417.0,[NH][C]1NN=CC(=O)O1
11.0,8607.0,CC(C#N)(C#N)C#N
9.0,3639.0,C#Cc1conn1
10.0,29.0,CC#CC
11.0,5353.0,N#Cc1ncccn1
11.0,3901.0,O=c1cccn[nH]1
10.0,20482.0,[N][N][C]1OCOC1=O
11.0,956.0,Oc1cnccn1
10.0,21842.0,O=COc1conn1
11.0,21871.0,
11.0,3414.0,O=C1C=CC2OC12
11.0,53775.0,N#CC#CC(=O)C(N)=O
9.0,94.0,O=C1COC1
11.0,747.0,Cn1cnnc1
11.0,23721.0,Oc1cnc(F)nc1
9.0,3644.0,C#Cc1nn[nH]n1
11.0,42524.0,N#CC1OC(C#N)C1=O
11.0,15482.0,N#CC1OCOC1=O
11.0,130525.0,c1ncc2onnc2n1
9.0,21753.0,c1nn2nnnc2o1
11.0,131410.0,[NH][C]1ON=C(O)OC1=O
11.0,133471.0,FC(F)(F)c1c[nH]nn1
10.0,133446.0,[NH][C]1OC(F)=NOC1=O
11.0,746.0,Cn1cncn1
10.0,1200.0,CC(=O)C#CC#N
11.0,21129.0,C[N]C1=N[N]ON=N1
10.0,133436.0,[NH][C]1ON=C(F)OC1=O
11.0,132895.0,O=c1occ(F)cc1F
10.0,1942.0,N#CC1CC(=O)O1
10.0,21437.0,[NH][C]1ON=CC(=O)O1
11.0,23878.0,O=CC(O)C(F)(F)F
10.0,1822.0,O=C1C=CC(=O)N1
11.0,21773.0,C#Cc1n[nH]c(=O)[nH]1
11.0,131281.0,N#Cc1cnc(O)nn1
10.0,21818.0,O=Cn1ncoc1=O
10.0,3938.0,Oc1nccnn1
10.0,898.0,[NH]C1OC=C(O)O1
11.0,128869.0,N#CC#Cc1cn[nH]n1
11.0,23627.0,[NH]C1=NCNC(F)=N1
11.0,3854.0,Nc1nnoc1N
11.0,5421.0,O=Cn1ccoc1=O
11.0,25146.0,N#Cc1nc[nH]c(=O)n1
11.0,427.0,NC1COC1=O
11.0,4639.0,O=Cc1coc(=O)[nH]1
11.0,8971.0,C#CCOC(=O)C#N
10.0,128881.0,N#Cc1cc(C#N)on1
11.0,21845.0,O=COc1cn[nH]n1
11.0,130739.0,O=c1oc2cn[nH]c2o1
9.0,771.0,Nc1ncon1
11.0,3676.0,Cc1cnnnn1
11.0,130009.0,[N][N][C]1N=C(N)OC1=O
11.0,42261.0,N#CC(=O)C1OC1C#N
11.0,4289.0,O=c1cc(O)ocn1
11.0,4334.0,O=c1nc(O)cco1
11.0,4253.0,[NH]C1=C[CH]OC(=O)O1
11.0,21492.0,N=C(N)c1nnon1
11.0,4328.0,O=c1cc(O)nco1
10.0,130786.0,N#Cc1ncnoc1=O
10.0,89.0,[NH][C]1CCO1
10.0,700.0,O1C2C3OC2C13
8.0,3910.0,O=c1ncnno1
10.0,157.0,C1=NCCO1
9.0,15.0,COC
6.0,26.0,C#CC=O
10.0,21752.0,c1nc2ocnn2n1
10.0,23824.0,
9.0,130582.0,N#CC(=O)n1nnnn1
11.0,131247.0,Oc1cn2nnoc2n1
11.0,131926.0,[NH]C1OC=C([N+](=O)[O-])O1
11.0,130880.0,C#Cc1noc(C=O)n1
11.0,21421.0,[NH][C]1NN=NC(=O)N1
10.0,133417.0,N#Cc1ncc(F)nn1
11.0,503.0,O=CCNC=O
10.0,130881.0,N#Cc1noc(C=O)n1
10.0,130761.0,N#Cc1ncc(=O)on1
11.0,21395.0,c1cn2nn[nH]c2n1
11.0,3213.0,O=C1C(O)C2OC12
11.0,130480.0,
9.0,133449.0,O=c1onc(F)nc1F
11.0,2494.0,C#CC(C#C)C=O
11.0,917.0,[NH]C1=C[N]C=CO1
11.0,131336.0,Oc1nnc2ocnn12
11.0,130660.0,C#Cc1nocnc1=O
10.0,8974.0,C#CC(=O)C#CC=O
8.0,57.0,CC(=O)C#N
9.0,3908.0,O=c1cncno1
11.0,23730.0,[NH]C1=C[N]C(F)=CO1
9.0,133404.0,N#N.[O][C][C](F)C(=O)F
11.0,25150.0,N#Cc1ccoc(=O)n1
11.0,23672.0,Fc1ccnc(F)c1
10.0,3645.0,C#Cc1ccon1
10.0,131338.0,Oc1nnc2onnn12
11.0,21815.0,O=Cn1cn[nH]c1=O
11.0,3773.0,CN1N=NOC1[NH]
11.0,128875.0,N#Cc1cn[nH]c1C#N
8.0,724.0,c1ncnnn1
11.0,21355.0,c1[nH]cc2onnc12
10.0,130848.0,N#Cc1nnoc1C=O
11.0,20479.0,C1OC1c1nnon1
11.0,133428.0,[NH]C1NN=C(F)N=C1F
11.0,2458.0,O=C1OC2CC2O1
11.0,131983.0,Nc1nc([N+](=O)[O-])no1
11.0,131990.0,Nc1nonc1[N+](=O)[O-]
11.0,24887.0,N#CC1=NCN=C([NH])O1
11.0,4333.0,O=c1nc(O)nc[nH]1
11.0,24755.0,N#CC(=O)c1cocn1
11.0,895.0,O=c1[nH]cc(O)[nH]1
10.0,23821.0,[NH][C]1C=NOC(F)=N1
11.0,133444.0,[NH][C]1NC(=O)C(F)=NO1
11.0,1009.0,C#Cc1ncc[nH]1
11.0,133546.0,N#CC1(C(F)(F)F)CO1
11.0,133394.0,Nc1nonc(F)c1=O
11.0,129286.0,N#C[C]1C=NOC([NH])=N1
11.0,130917.0,O=Cc1nonc1C=O
10.0,133448.0,O=c1onc(F)cc1F
11.0,1199.0,C#CC#CC(C)=O
8.0,113.0,[NH][CH]OC=O
9.0,21324.0,N#Cc1cnnnn1
11.0,4321.0,Nc1ncoc(=O)n1
11.0,130760.0,C#Cc1ncc(=O)on1
10.0,129154.0,N#CC1=NO[N]N=C1[NH]
11.0,130837.0,O=CC(=O)n1ncnn1
11.0,90.0,O=C1CCC1
11.0,24896.0,N#Cc1ccnc(=O)o1
10.0,21380.0,c1nn2nnnc2[nH]1
11.0,23994.0,C#Cc1cnc(C#N)o1
10.0,197.0,Nc1ncco1
11.0,2821.0,C#CC1OC1C=O
10.0,21322.0,N#Cc1cncnn1
10.0,130907.0,N#Cc1nc(C=O)no1
8.0,4220.0,Fc1cnnnn1
10.0,129314.0,N#CC1=N[N]OC([NH])=N1
10.0,431.0,O=C1OCC1O
11.0,3885.0,[NH]C1NC(N)=NO1
10.0,8611.0,N#CC(N)(C#N)C#N
11.0,737.0,Cc1nc[nH]n1
11.0,21868.0,[NH][C]1C=NOC(O)=N1
9.0,3913.0,O=Cc1cnno1
9.0,21748.0,[N][N][C]1N=COC1=O
10.0,21618.0,N#Cc1noc(N)n1
11.0,133418.0,[NH]C1=C(F)[CH]ON=C1F
11.0,4257.0,O=c1ccoc(=O)[nH]1
10.0,21741.0,[N][N]C1=C[CH]OC1=O
11.0,131038.0,N#Cc1cnnn1C=O
9.0,14583.0,N#CC#CC#CC=O
11.0,21391.0,c1nnc2[nH]ncn12
11.0,21978.0,O=[N+]([O-])c1cn[nH]c1
11.0,132689.0,Oc1ncc(F)nc1F
10.0,4223.0,CC#CC(F)(F)F
10.0,21386.0,c1n[nH]c2nnoc12
10.0,805.0,C#CC(C#C)=NO
11.0,894.0,[NH]C1NC=C(O)O1
11.0,1018.0,C#Cc1c[nH]cn1
11.0,43436.0,N#CC1=C([NH])OC(=O)[CH]1
10.0,132344.0,
11.0,132717.0,N#Cc1cnc(F)cn1
11.0,132477.0,O=c1oc(F)cnc1O
11.0,5346.0,C#Cc1ncncn1
8.0,3819.0,N#Cc1conn1
11.0,133311.0,N#N.NC(=O)[C](F)[C][O]
11.0,4250.0,[NH][C]1NC=NC(=O)O1
10.0,21911.0,O=Cc1nc(O)no1
9.0,3640.0,C#Cc1ncno1
10.0,750.0,Cn1ncnn1
8.0,8720.0,N#CC(=O)C(=O)C#N
10.0,132041.0,O=c1ncoc(F)c1F
9.0,3907.0,O=c1nccno1
10.0,23693.0,O=c1cncc(F)o1
10.0,123296.0,C#Cc1onnc1C#N
10.0,21979.0,O=[N+]([O-])c1cnoc1
11.0,5662.0,c1nc2occc2o1
10.0,494.0,N#CCO[CH][NH]
10.0,23844.0,O=c1ncc(F)n[nH]1
11.0,130773.0,N#Cc1cnoc(=O)c1
10.0,130664.0,C#CC(=O)N=C=O.N#N
11.0,27522.0,[NH][C]1OC(=O)N=C(O)O1
11.0,11155.0,C#CC1=NCC(=O)O1
9.0,3838.0,N#N.[NH][C][N]C=O
10.0,8721.0,C#CC(=O)C(=O)C=O
11.0,21969.0,O=[N+]([O-])c1ccco1
11.0,4704.0,C#Cc1cnc(O)o1
11.0,916.0,[NH]C1=NC=CCO1
10.0,132084.0,O=c1ocnc(F)c1F
11.0,21398.0,[NH][C]1N=CN=NC=N1
10.0,3634.0,C#Cc1cnn[nH]1
9.0,3635.0,C#Cc1cnno1
11.0,14659.0,N#CC#CC#CCO
10.0,452.0,O=C1COCO1
11.0,21893.0,O=c1cnc(O)n[nH]1
11.0,25351.0,O=Cc1ncoc(=O)n1
10.0,3834.0,[NH][C]1C=NOC=N1
11.0,5660.0,c1nc2ocnc2[nH]1
11.0,130735.0,O=c1ncnn[nH]c1=O
5.0,1.0,C
11.0,130886.0,O=Cc1cnoc(=O)n1
11.0,3547.0,O=C1C2OC3C1C23
11.0,16786.0,[NH][C]1OC(=O)C2OC12
11.0,4733.0,N#Cc1nc(N)co1
11.0,21982.0,O=[N+]([O-])c1cc[nH]n1
10.0,21397.0,c1nc2[nH]nnn2n1
10.0,4296.0,O=c1ncoc(O)n1
11.0,130305.0,Nc1noc2nnoc12
8.0,773.0,Nc1nnon1
11.0,126.0,C#CCCO
9.0,3936.0,Oc1cnnnn1
11.0,4453.0,Nc1oc(=O)oc1O
8.0,23895.0,N#CC#CC(F)(F)F
11.0,3432.0,O=C1OCC2OC12
11.0,23695.0,[NH]C1=CCN=C(F)O1
11.0,132082.0,O=c1occc(F)c1F
11.0,132476.0,O=c1oc(O)cnc1F
11.0,21896.0,N#Cc1c[nH]nc1O
11.0,24900.0,N#Cc1nccc(=O)o1
11.0,2814.0,N#CC1CC1C#N
10.0,133453.0,[NH][C]1C(F)=NON=C1F
10.0,23637.0,O=c1cc(F)nco1
11.0,336.0,CC(C#N)C=O
11.0,1384.0,C#CC(=O)C#CC
11.0,129133.0,N#CC1=NOC=N[C]1[NH]
11.0,1374.0,C#CC(=O)NC=N
11.0,21619.0,Nc1nc(=O)cno1
11.0,35986.0,N#CC#CC#CCC#N
11.0,130774.0,C#Cc1cnoc(=O)n1
11.0,130879.0,N#N.[O][C][C](C=O)C=O
11.0,130683.0,O=c1[nH]c2[nH]nnc2o1
11.0,123285.0,C#CC#Cc1nn[nH]n1
11.0,23837.0,Oc1ccc(F)nn1
11.0,2961.0,N#CC(=O)C1CN1
10.0,3904.0,O=C1[CH]C=N[N]N1
11.0,3911.0,O=Cc1ccn[nH]1
11.0,20533.0,CC(=O)n1nnnn1
10.0,21435.0,[NH]C1ON=C(C=O)O1
11.0,5469.0,N#Cc1[nH]cnc1O
11.0,607.0,N#CC1CC1O
11.0,21500.0,NC(=O)c1ncno1
11.0,3764.0,Cn1ncoc1=O
11.0,128863.0,N#CC#Cc1c[nH]nn1
11.0,131421.0,[NH][C]1OC(=O)ON=C1O
11.0,3808.0,COc1nn[nH]n1
11.0,23728.0,O=c1ncc(F)c[nH]1
10.0,146.0,O=CC1CN1
11.0,130538.0,[N][N][CH]C1=NC=NC1=O
9.0,3905.0,O=c1ncnn[nH]1
9.0,333.0,C#CC(O)C#N
11.0,133440.0,[NH]C1=C(O)[N]C(F)=NO1
10.0,128865.0,N#CC#Cc1conn1
9.0,2496.0,N#CC(C#N)C=O
11.0,21346.0,N#CCn1cnnn1
11.0,2618.0,N#CCOCC#N
11.0,670.0,C1=NC2CC2O1
11.0,133478.0,FC(F)(F)c1ccon1
10.0,23849.0,O=c1ccc(F)no1
10.0,3902.0,O=c1nccn[nH]1
11.0,4237.0,FC(F)(F)C1CN1
11.0,745.0,Cn1ccnn1
10.0,21432.0,[NH][C]1OC=NOC1=O
11.0,131906.0,O=[N+]([O-])c1nc(O)co1
11.0,132039.0,O=c1ccoc(F)c1F
11.0,195.0,Nc1ccco1
11.0,5355.0,N#Cc1ccncn1
9.0,3918.0,O=Cc1ncno1
10.0,3637.0,C#Cc1c[nH]nn1
10.0,130838.0,O=CC(=O)n1nnnn1
11.0,2644.0,CC#CC#CC=O
11.0,23979.0,C#Cc1nc(C#N)co1
10.0,21776.0,O=c1[nH]nn[nH]c1=O
10.0,2815.0,N#CC1NC1C#N
10.0,893.0,Nc1coc(=O)o1
11.0,131036.0,O=Cc1nnn(C=O)n1
9.0,8719.0,C#CC(=O)C(=O)C#N
11.0,4295.0,O=c1ccoc(O)n1
11.0,132335.0,O=c1cc(F)nc(O)o1
9.0,130574.0,N#CC(=O)c1nnon1
10.0,757.0,Nc1ccno1
11.0,911.0,O=c1ccocc1
10.0,42.0,OCCO
11.0,21607.0,Nc1connc1=O
11.0,3154.0,O=C1OCC12CO2
9.0,1376.0,N#CC(=O)O[CH][NH]
10.0,21975.0,O=[N+]([O-])c1cocn1
11.0,129147.0,N#N.[NH][C][N]C(=O)C=O
11.0,576.0,N#CCC1CO1
11.0,3772.0,Cn1nn[nH]c1=O
11.0,23669.0,Fc1cncc(F)c1
11.0,891.0,[NH]C1OC=C(N)O1
11.0,5061.0,O=c1nccncn1
11.0,130859.0,N#Cc1cc(C=O)on1
11.0,130732.0,O=c1ncc(=O)[nH]nn1
10.0,23812.0,[NH]C1=C(F)C=N[N]O1
9.0,130670.0,N#N.O=C=NN=O.[C]=O
11.0,682.0,O=C1CC2CN12
11.0,130816.0,O=CC#Cc1cnon1
11.0,123539.0,c1nnn2ncnc2n1
11.0,48190.0,C#CC(C#N)(C#N)C=O
11.0,130809.0,O=CC#Cc1ncno1
11.0,23692.0,O=c1cncc(F)[nH]1
11.0,8789.0,COC(=O)C(=O)C#N
10.0,23811.0,O=c1[nH]nncc1F
10.0,93.0,O=C1CNC1
11.0,132226.0,[NH]C1N=C(O)OC(F)=N1
8.0,37.0,COC=O
10.0,133397.0,N#N.[NH][C][C](F)C(=O)F
11.0,5465.0,N#Cc1ocnc1N
8.0,167.0,c1nc[nH]n1
11.0,21336.0,N#CCc1ncno1
10.0,23689.0,O=c1nccc(F)o1
11.0,447.0,[NH][C]1OCCO1
8.0,3820.0,N#Cc1ncno1
10.0,46.0,OC1CC1
11.0,133435.0,[NH]C1=C([NH])OC(F)=NO1
8.0,21764.0,O=C=O.[N][N][C][N][N]
11.0,133396.0,N#N.[NH][C][C](F)C(=O)O
11.0,3884.0,Nc1n[nH]nc1O
10.0,23963.0,N#Cc1ncoc1C#N
11.0,129260.0,N#CC1=NOC([NH])=N[CH]1
9.0,3646.0,C#Cc1ncon1
6.0,23.0,C#CC#C
11.0,4750.0,O=Cc1nc(O)co1
11.0,1368.0,C#CCC(=O)C=O
10.0,2609.0,C#CCC#CC#N
11.0,5482.0,O=Cc1ocnc1O
11.0,23959.0,C#Cc1ncoc1C#N
11.0,132698.0,Fc1cc(F)c(F)cn1
9.0,21746.0,c1nc2onnc2o1
11.0,132081.0,O=c1[nH]cnc(F)c1F
11.0,193.0,Cc1ncco1
11.0,3933.0,Oc1cn[nH]c1O
9.0,16.0,C1CC1
11.0,11185.0,N#CC1OCC(=O)O1
11.0,23805.0,O=c1[nH]nccc1F
11.0,129122.0,[NH][C]1[N][N]OC(=O)C=N1
11.0,132940.0,[NH][C]1OC=C(F)C(=O)O1
10.0,1583.0,CC(=O)C(=O)C#N
10.0,23734.0,O=c1ncc(F)co1
11.0,48195.0,N#CC#CC(C#N)C=O
11.0,133477.0,FC(F)(F)c1cn[nH]n1
10.0,23829.0,O=c1nc(F)cn[nH]1
10.0,1369.0,N#CCC(=O)C=O
11.0,129156.0,[N]=NC(=N)C(=O)C=N[O]
10.0,21427.0,
9.0,3931.0,O=Cn1ncnn1
11.0,131017.0,O=Cn1cnc(=O)nn1
11.0,21901.0,O=Cc1n[nH]nc1O
10.0,3830.0,[NH]C1=N[N]OC=C1
11.0,124.0,C#CCOC
11.0,29119.0,O=c1occ(O)oc1=O
10.0,131034.0,N#Cc1nnn(C=O)n1
11.0,21787.0,O=Cc1n[nH]c(=O)[nH]1
10.0,770.0,Nc1ccon1
10.0,133401.0,[NH]C1=C(F)C(F)=N[N]O1
11.0,603.0,CC1OC1C#N
9.0,3818.0,N#Cc1cnoc1
11.0,123276.0,C#CC#Cc1cnno1
11.0,123295.0,C#Cc1nnoc1C#C
9.0,2563.0,N#CC1(C#N)CO1
11.0,8993.0,N#CC(=O)OCC=O
11.0,23902.0,O=COCC(F)(F)F
9.0,141.0,C#CC1CO1
8.0,23832.0,O=c1nc(F)nno1
8.0,33.0,C#CCO
11.0,25181.0,N#Cc1nccoc1=O
10.0,130584.0,N#CC(=O)[CH][C][O].N#N
11.0,1373.0,N#CC(=N)NC=N
11.0,3889.0,Nc1nonc1N
10.0,1586.0,C#CC(=O)C(N)=O
11.0,204.0,Cc1cocn1
10.0,2116.0,O=C1C=CNC1=O
11.0,123504.0,c1nnn2nncc2n1
11.0,129175.0,[N][N][C]1O[C]([NH])NC1=O
11.0,20690.0,Cc1nc(C#N)no1
10.0,130552.0,C#CC(=O)c1nnon1
11.0,23640.0,[NH]C1=NC(F)=CCO1
11.0,23779.0,O=c1ccocc1F
7.0,828.0,O=CC(F)(F)F
10.0,1820.0,[NH]C1=C[CH]C(=O)O1
11.0,130835.0,O=CC(=O)n1cnnn1
11.0,130114.0,Nc1nnc2onnn12
11.0,128880.0,N#Cc1cc(C#N)[nH]n1
10.0,23682.0,Oc1ncnc(F)n1
11.0,132262.0,C#Cc1ncnc(F)n1
11.0,21738.0,c1cc2oncc2o1
11.0,16794.0,O=C1NC(=O)C2OC12
11.0,1006.0,C#Cc1ccco1
10.0,130883.0,N#N.O=C=NC(=O)C=O
11.0,130813.0,O=CC#Cc1nn[nH]n1
10.0,14562.0,C#CC#CC#CC#C
11.0,1036.0,O=Cn1ccnc1
7.0,171.0,c1conn1
11.0,21505.0,NC(=O)c1cnon1
11.0,2115.0,O=C1C=CCC1=O
8.0,114.0,O=CNC=O
11.0,343.0,CN=C(N)C#N
11.0,3028.0,N#CC#CC1CN1
7.0,322.0,C#CC(=O)C#N
11.0,133618.0,N#CC(=O)CC(F)(F)F
10.0,132240.0,[NH]C1=N[C](F)OC(=O)O1
11.0,133621.0,FC(F)(F)CC(F)(F)F
11.0,21637.0,Nc1nnn(C=O)n1
10.0,131927.0,O=c1occ([N+](=O)[O-])o1
9.0,765.0,Nc1ncno1
11.0,23698.0,[NH]C1=NCN=C(F)N1
10.0,1030.0,O=Cc1ncco1
11.0,1218.0,N#CCOC(N)=O
11.0,20511.0,CC#Cc1nnon1
11.0,48149.0,N#C[C]([NH])OC(=O)C=O
11.0,24901.0,C#Cc1ncnc(=O)o1
11.0,4638.0,O=Cc1c[nH]c(=O)o1
11.0,129350.0,[NH][CH]Oc1noc(=O)o1
9.0,23858.0,[NH]C1=N[N]ON=C1F
11.0,130544.0,C#CC(=O)c1conn1
11.0,3811.0,COc1cnon1
8.0,3840.0,[NH]C1=N[N]ON=N1
11.0,27519.0,[NH]C1=N[C](O)OC(=O)O1
10.0,1028.0,O=Cc1cnco1
10.0,3940.0,Oc1nnc(O)[nH]1
11.0,3843.0,
11.0,24967.0,O=c1oc2ccoc2o1
11.0,21775.0,O=c1cn[nH]c(=O)[nH]1
11.0,21623.0,Nc1cnoc(=O)n1
10.0,21772.0,O=c1[nH]cnoc1=O
9.0,753.0,[NH]C1NN=NN1
10.0,130853.0,N#Cc1onnc1C=O
11.0,21379.0,c1nc2[nH]cnn2n1
8.0,111.0,N#CCC=O
10.0,21506.0,NC(=O)c1nnon1
9.0,132345.0,
11.0,132236.0,O=c1cc(F)oc(=O)[nH]1
8.0,170.0,c1cnoc1
11.0,133386.0,Nc1noc(=O)nc1F
11.0,21694.0,C#Cc1nonc1N
10.0,1383.0,O=CNC(=O)C=O
10.0,130684.0,[N][N][C]1OC(=O)NC1=O
10.0,23818.0,[NH]C1=N[N]OC=C1F
8.0,62.0,NC(=O)C=O
11.0,3919.0,O=Cc1cc[nH]n1
10.0,21771.0,C#Cc1noc(=O)[nH]1
11.0,133384.0,Nc1noc(=O)c(F)n1
11.0,3865.0,Nc1cnncn1
11.0,21378.0,c1nn2cnnc2[nH]1
11.0,15462.0,N#CC1=CCOC1=O
11.0,130613.0,O=c1cnoc(=O)nc1
10.0,132001.0,[NH]C1ON=C([N+](=O)[O-])O1
11.0,4282.0,Nc1nc(=O)nco1
10.0,498.0,N#CCNC=O
9.0,3839.0,[NH][C]1N=NNN=N1
11.0,860.0,Oc1c[nH]c(O)n1
5.0,177.0,n1nnon1
11.0,35153.0,C#CC1(C#N)OC1C#N
11.0,42155.0,N#CCC#CC(=O)C#N
10.0,684.0,O=C1CC2OC12
9.0,2126.0,O=C1OCOC1=O
11.0,25325.0,N#Cc1ocnc1C=O
10.0,1201.0,C#CC#CC(N)=O
11.0,130804.0,O=CC#Cc1cnno1
10.0,3638.0,C#Cc1cnoc1
11.0,21841.0,O=COc1cnoc1
11.0,21496.0,NC(=O)c1cnno1
11.0,129152.0,[NH][C]1N=NOC=NC1=O
11.0,106.0,C1C2CC1O2
9.0,722.0,c1cnnnc1
11.0,20692.0,CC(=O)N=C=O.N#N
11.0,130685.0,O=c1[nH]c2cnoc2o1
11.0,130532.0,c1cc2nonnc-2n1
10.0,216.0,c1cnccn1
10.0,784.0,Oc1cc[nH]n1
11.0,749.0,Cn1nccn1
8.0,21779.0,N#Cc1noc(=O)o1
11.0,21837.0,O=COc1ccno1
10.0,132704.0,Fc1ncc(F)c(F)n1
10.0,3906.0,O=c1cccno1
8.0,168.0,c1nnc[nH]1
11.0,25127.0,O=c1ncoc(=O)cn1
11.0,21375.0,c1nc2nocc2[nH]1
10.0,2620.0,N#CCC#CC=O
11.0,129455.0,NC(=O)c1noc(=O)o1
11.0,129792.0,Nc1onc2onnc12
10.0,23797.0,[NH]C1=CC(F)=N[N]O1
11.0,132000.0,O=[N+]([O-])c1n[nH]c(O)n1
10.0,21760.0,c1nnc2oncn12
10.0,499.0,C#CCOC=O
10.0,123299.0,C#Cc1nnoc1C#N
11.0,25153.0,C#Cc1ncoc(=O)n1
11.0,130910.0,O=Cc1cnc(=O)on1
11.0,21857.0,N#N.[NH][C][CH]C(=O)O
11.0,77.0,COC(C)=O
10.0,130579.0,N#CC(=O)n1cnnn1
10.0,282.0,
11.0,132954.0,O=c1c(F)cocc1F
11.0,23840.0,
11.0,9462.0,N#CC1(O)COC1=O
11.0,132392.0,Nc1nc(F)nc(F)n1
11.0,21384.0,c1noc2cn[nH]c12
10.0,3778.0,CN=c1onno1
10.0,133480.0,FC(F)(F)c1cnon1
11.0,23755.0,Fc1cccnc1F
11.0,21863.0,O=Cn1cc(O)nn1
10.0,132691.0,Fc1cnc(F)c(F)n1
11.0,1027.0,O=Cc1cnc[nH]1
11.0,4698.0,N#Cc1cnc(N)o1
10.0,21906.0,C#Cc1nc(O)no1
11.0,128864.0,N#CC#Cc1cnoc1
10.0,3848.0,[NH]C1=C[N]C=NO1
11.0,1033.0,O=Cc1ccoc1
11.0,130912.0,N#Cc1conc1C=O
10.0,342.0,O=CC(O)C=O
11.0,133520.0,[NH][CH]OC(=O)C(F)(F)F
9.0,133422.0,O=c1nc(F)onc1F
10.0,3942.0,O=c1[nH]nc(O)[nH]1
10.0,123321.0,C#Cc1noc(C#N)n1
10.0,129243.0,[N][N][C]1O[C]([NH])OC1=O
11.0,23677.0,Oc1cncc(F)n1
11.0,3804.0,COc1ncno1
10.0,131035.0,O=Cn1nnc(=O)nn1
10.0,91.0,O=C1CCN1
11.0,21782.0,O=Cc1cncnn1
11.0,130820.0,O=CC(=O)c1cnno1
11.0,493.0,C#CCO[CH][NH]
11.0,952.0,Oc1cnccn1
11.0,2742.0,C#CC1COC1=O
10.0,455.0,O=C1OCCO1
11.0,496.0,N#CCCC=O
9.0,128884.0,N#Cc1noc(C#N)n1
11.0,130297.0,[N][N][C]1C(=O)ON=C1N
11.0,131015.0,N#Cc1ncn(C=O)n1
11.0,130541.0,C#CC(=O)c1cnno1
8.0,58.0,N#CC(=N)N
11.0,130680.0,[N][N][C]1NC(=O)NC1=O
11.0,129326.0,[NH][C]1ON=NC=NC1=O
11.0,131290.0,O=Cn1nc(O)oc1=O
11.0,632.0,NC(=O)C1CO1
11.0,24747.0,N#CC(=O)c1ncco1
11.0,163.0,C1OC2CC12
11.0,4627.0,N#CC1=CNC([NH])O1
11.0,118.0,CC#CCO
10.0,130887.0,O=Cc1nnoc(=O)n1
11.0,2828.0,O=CC1OC1C=O
8.0,754.0,[NH]C1OC=NO1
11.0,4737.0,N#Cc1nc(O)c[nH]1
11.0,237.0,C#CCC(N)=O
11.0,21348.0,N#CCn1ncnn1
9.0,3939.0,Oc1ncnnn1
11.0,3828.0,
11.0,1582.0,C#CC(=O)C(C)=O
11.0,132328.0,O=C=NC(F)=CC(=O)O
11.0,2733.0,N#CC1CO[C]1[NH]
11.0,129025.0,N#CC1=CC([NH])=N[N]O1
10.0,924.0,O=c1ncnc[nH]1
9.0,130741.0,[N][N][C]1OC(=O)OC1=O
8.0,144.0,N#CC1CO1
11.0,1941.0,C#CC1CC(=O)O1
11.0,921.0,O=c1nccc[nH]1
7.0,109.0,N#CCC#N
11.0,430.0,[NH][C]1OCC1O
10.0,4238.0,FC(F)(F)C1CO1
11.0,131449.0,Oc1noc2nncn12
11.0,23846.0,[NH]C1=C[CH]C(F)=NO1
11.0,8619.0,C#CC(O)(C#N)C=O
8.0,20.0,NC(N)=O
11.0,129149.0,N#C[C]([C][NH])C=O.N#N
9.0,3895.0,N#N.[O][C][CH]C=O
11.0,35164.0,N#CC1NC1(C#N)C#N
10.0,23847.0,[NH]C1=C[N]C(F)=NO1
7.0,755.0,[NH]C1ON=NO1
11.0,133522.0,C#CC(C#N)C(F)(F)F
11.0,756.0,Nc1ccn[nH]1
10.0,21370.0,c1nc2onnc2[nH]1
6.0,8.0,CO
11.0,23766.0,O=c1occcc1F
11.0,129100.0,
11.0,27619.0,N#Cc1ncnc(O)n1
11.0,183.0,ON=C1COC1
10.0,4335.0,O=c1nc(O)nco1
10.0,20310.0,C#Cc1ncnnn1
11.0,130828.0,O=CC(=O)c1ncon1
11.0,132400.0,Fc1cc(F)nc(F)c1
11.0,1203.0,CC(=O)C#CC=O
11.0,21879.0,[NH]C1=C(O)[N]C=NO1
9.0,4221.0,Fc1nccnn1
11.0,429.0,O=C1NCC1O
11.0,2119.0,[NH]C1=C([NH])OCO1
11.0,132678.0,Fc1ccc(F)c(F)n1
11.0,133476.0,FC(F)(F)c1nc[nH]n1
11.0,130619.0,O=c1cnoncc1=O
10.0,23762.0,Fc1nccnc1F
10.0,4231.0,CC(=O)C(F)(F)F
11.0,131412.0,[NH][C]1ON=C(O)C(=O)O1
11.0,21840.0,O=COc1c[nH]nn1
9.0,2816.0,N#CC1OC1C#N
11.0,130842.0,N#Cc1cnoc1C=O
11.0,21591.0,Nc1cnnoc1=O
10.0,3894.0,O=c1cconc1
6.0,323.0,N#CC(=O)C#N
10.0,4215.0,Fc1cnccn1
10.0,3876.0,Nc1ncnnn1
11.0,130801.0,N#CCn1nnoc1=O
11.0,890.0,Nc1c[nH]c(=O)o1
11.0,129321.0,N#CC1=C([NH])O[N]N=C1
9.0,21758.0,[N][N][C]1C=NOC1=O
11.0,21340.0,N#CCc1cnon1
11.0,686.0,O=C1NC2CC12
11.0,488.0,C#CCCC#N
11.0,4632.0,C#Cc1c[nH]c(=O)o1
9.0,772.0,Nc1cnon1
9.0,4634.0,N#Cc1coc(=O)o1
11.0,21464.0,[N][N][CH]C(=O)O[CH][NH]
8.0,38.0,O=CCO
11.0,341.0,CN(C=O)C=O
11.0,133416.0,C#Cc1ncc(F)nn1
10.0,1034.0,O=Cc1cocn1
11.0,133395.0,[NH]C1=C(F)[C](F)ON=C1
10.0,329.0,CC(C#N)C#N
10.0,131074.0,O=COc1noc(=O)o1
11.0,3856.0,Nc1[nH]nnc1O
11.0,123315.0,C#Cc1nnc(C#C)o1
11.0,3875.0,Nc1nccnn1
11.0,21910.0,O=Cc1cc(O)no1
10.0,2622.0,N#CC#CCC=O
11.0,129095.0,N#CC1=NON=C[C]1[NH]
11.0,130847.0,C#Cc1nnoc1C=O
10.0,21548.0,N#Cc1onnc1N
11.0,906.0,[NH]C1=CCOC=N1
11.0,132404.0,Oc1nc(F)cc(F)n1
11.0,129145.0,C#CC(=O)[N][C][NH].N#N
10.0,21442.0,[NH]C1ON=NN1C=O
9.0,133450.0,O=c1nc(F)c(F)no1
11.0,130815.0,O=CC#Cc1ncon1
11.0,23780.0,[NH]C1=C(F)COC=N1
11.0,3863.0,Nc1cc(O)no1
11.0,132475.0,[NH]C1=C(F)[N]C=C(F)O1
11.0,24800.0,N#CC1=NC([NH])N=CO1
11.0,21423.0,[NH]C1NN=NN1C=O
11.0,406.0,N#CC1(O)CC1
11.0,2748.0,O=CC1COC1=O
8.0,725.0,c1cnnnn1
11.0,23626.0,[NH]C1=CCOC(F)=N1
11.0,123298.0,C#Cc1cnoc1C#N
11.0,130781.0,O=c1nccnoc1=O
10.0,21396.0,c1nnc2[nH]nnn12
10.0,1585.0,N#CC(=O)C(=N)N
11.0,23981.0,N#Cc1coc(C#N)c1
11.0,128882.0,N#Cc1c[nH]nc1C#N
10.0,133402.0,O=c1cnoc(F)c1F
10.0,1015.0,N#Cc1ncc[nH]1
11.0,130577.0,N#CC(=O)n1cncn1
9.0,23700.0,
11.0,131991.0,O=[N+]([O-])c1cc(O)no1
10.0,912.0,O=c1ccocn1
10.0,781.0,Oc1cn[nH]c1
11.0,955.0,Oc1ncccn1
10.0,23856.0,[NH][C]1C=NON=C1F
10.0,30.0,C#CCC
11.0,132719.0,N#Cc1ncc(F)cn1
11.0,23680.0,Oc1nccc(F)n1
8.0,189.0,O=c1occo1
10.0,742.0,Cc1cnon1
11.0,132932.0,[NH]C1=NC(F)=C(F)CO1
11.0,25399.0,O=Cc1ncnc(=O)o1
10.0,21624.0,Nc1nnoc(=O)n1
11.0,123288.0,C#CC#Cc1cnon1
11.0,3705.0,Cc1noc(=O)[nH]1
6.0,827.0,N#CC(F)(F)F
11.0,20484.0,c1onc2c1OCO2
9.0,21875.0,N#N.O=C=NC(=O)O
11.0,21425.0,[NH][C]1NN=NNC1=O
11.0,21351.0,c1[nH]nc2[nH]nnc12
11.0,3846.0,[NH]C1=C[CH]C=NO1
11.0,21831.0,O=CNc1nn[nH]n1
11.0,1011.0,N#Cc1ccc[nH]1
11.0,130785.0,C#Cc1ncnoc1=O
11.0,23642.0,O=c1nc(F)cc[nH]1
9.0,8978.0,N#CC#CC(=O)C=O
10.0,21983.0,O=[N+]([O-])c1nc[nH]n1
11.0,1831.0,[NH][C]1NC(=O)CO1
11.0,8610.0,C#CC(N)(C#N)C#N
11.0,131327.0,Oc1nc2ocnn2n1
8.0,21781.0,O=c1onnoc1=O
11.0,132036.0,[NH]C1=C(F)C(F)OC=N1
11.0,123281.0,C#CC#Cc1ncno1
9.0,3647.0,C#Cc1cnon1
10.0,3821.0,N#Cc1cc[nH]n1
11.0,25126.0,O=c1cnc(=O)ocn1
11.0,50809.0,N#CC(=O)C(=O)O[CH][NH]
11.0,104.0,OC1CC1O
11.0,3831.0,[NH]C1=NCNN=C1
9.0,788.0,Oc1ccon1
11.0,21518.0,N#Cc1cnoc1N
10.0,23834.0,O=c1[nH]ncnc1F
10.0,4629.0,N#CC1=COC([NH])O1
11.0,130885.0,O=Cc1nn[nH]c(=O)n1
9.0,23830.0,O=c1nc(F)nn[nH]1
11.0,129225.0,
10.0,1008.0,C#Cc1cnco1
11.0,236.0,CC(=O)CC#N
9.0,132408.0,Fc1nc(F)nc(F)n1
10.0,5471.0,N#Cc1ocnc1O
11.0,129309.0,N#CC1=N[N]OC([NH])=C1
11.0,5708.0,c1nc2c(o1)OCO2
10.0,133425.0,N#Cc1cnc(F)nn1
10.0,132228.0,O=c1nc(O)oc(F)n1
10.0,1375.0,C#CC(=O)O[CH][NH]
11.0,21750.0,c1cn2ncoc2n1
11.0,9993.0,C#CC(C#N)OC=O
9.0,769.0,Nc1nn[nH]n1
11.0,130788.0,C#CC1=N[N]OC(=O)[CH]1
9.0,130665.0,N#CC(=O)N=C=O.N#N
11.0,27404.0,O=c1nc(O)oc(O)n1
10.0,1023.0,N#Cc1ccoc1
8.0,21754.0,n1nc2nonc2o1
